63.352396270587 21.3342505704251
63.772393827971 -185.652246610749
63.4373740829806 180.02438316917
63.8778447912156 -104.582937514175
64.2990764261182 106.783331203524
63.5526022876591 69.1247621663127
62.8875747134863 113.53291577076
64.0313284045046 20.4522085717844
62.6082229262641 186.043921256386
63.654451286273 50.7131552289326
63.9853962378165 -145.987552849186
63.6928408024803 125.754801883698
63.6703609451128 23.6196331504656
63.1782421980298 166.630069775219
63.8603133157638 -161.610017331633
63.7942532189839 -125.331438602824
62.9249824280722 -163.848823763829
62.2051245576885 214.047841626402
64.4188978054481 -153.450876570835
63.5615660960245 -138.294181515509
63.019573606604 217.711801482159
64.0158039075846 19.120017236312
64.1702786878901 -73.9891748417826
62.4205859713726 82.8884425756973
63.0638007505987 214.008011926358
63.9205226247439 -226.204647041152
63.4331039609213 44.7895591546069
62.966430146853 123.763347817267
63.1470407962175 379.74203524293
63.9683932842273 84.7660215291099
64.0023143250805 -101.604523432196
62.9447321430361 196.954919388056
63.4746679875548 -103.090915387136
62.9125483889893 109.786845268809
63.9952889299671 13.0406946435172
63.5333473713458 -23.0259288744797
64.575834184353 -138.502480307089
63.7801697672519 3.05225037142897
63.2753075719066 205.614900519644
63.5223519450616 -49.6487798749733
63.2413198157468 -279.500150394709
63.690299531669 -330.757552961975
64.7947681423645 -179.818412701492
63.5745596791613 281.652232066784
63.714311604951 126.986040286333
62.5627717587713 339.528129204666
63.0657181084745 -23.3872959700616
64.4750353668419 -287.932724280928
64.0246817175007 -195.58751562548
63.9648009224189 125.470529595515
62.8885861811057 -16.3078514087597
63.6078821107158 -94.5987778672132
63.0722071206601 -21.2197433430978
63.7200514258814 -189.628893664074
63.6172670783944 -78.284389731123
63.7080438624323 80.5319090373896
63.7483068979792 27.1552034193228
63.6518471761294 -49.8722895601665
63.8215014872423 -149.93075305405
63.4566916439107 -181.537294646085
63.3529255230434 -46.1886246568339
63.4936996144293 -30.8280589006035
63.0975618510494 127.214204678507
63.6512099589816 126.662708523392
63.229765117855 124.434773948439
63.1440665535932 -2.2304081731776
64.0134509204134 33.320034667732
63.2905873746 72.1649396398408
63.2236698217311 -118.324741649156
62.9618704894947 76.7267431295756
63.8889619161711 23.474700420277
63.4095353711257 29.1224475888637
63.400905071119 276.204243873329
64.327947607167 -241.430530019026
63.2240393652361 -66.0617117064439
63.4608184790039 -210.757632460805
63.2242312492963 262.056067239265
63.2684608965537 85.3155115781574
64.1341953299219 -151.094221993691
63.7348672837036 -55.0056750040412
64.027709371959 -27.2619415629717
63.6787551200809 -107.226618381977
63.3416313290097 71.0310331217365
63.706545609699 35.4092981189883
62.8212001002042 173.506008410334
63.1654638267471 92.3496028909391
63.1051068919303 162.166815163305
63.6292581164911 -226.143711794374
62.8701324218102 149.217957741205
63.7498914727999 42.637947973399
64.1091259936874 32.3151777907663
63.3173231897965 100.071122901425
63.1893723918041 159.168340603525
64.8370996156573 -430.876927383667
62.8863283108846 -11.4608366031931
63.8824820395379 121.296905731093
63.756769978363 -56.2251699688276
63.2654052710757 206.972559320927
63.8004817028848 -121.822731319253
63.8105746497446 -29.8644509063255
63.682012323963 -125.234762461787
63.7629396034746 -299.730438144366
62.986556846068 -173.757373642532
63.5176322451182 -16.9730511800303
65.0221371315668 -21.2259670214212
62.9684458500244 236.833657880836
64.3239488705799 -15.3355071503006
63.7072645157889 -174.581154805096
64.4255289338728 -62.3123764462095
64.4998834656741 -134.814462922998
63.8553657478361 4.62695563602574
62.7632523579126 240.411642820748
63.4673256071275 -14.5851488261508
63.8890465404221 65.462504230276
64.4205414750714 -113.336802151689
63.1955002334793 108.641642986304
64.1726193826053 -156.594545791083
63.3908884894342 14.6711762944144
62.8525597652322 -143.11690745728
63.5500458402197 -125.834456262541
62.7534743624287 -11.51949707603
63.0891068510777 44.4049388847434
62.705347497936 182.982926692522
64.1715607641698 -195.611418653139
64.1072743798244 -133.713439491923
63.4840423900206 33.8979365577698
64.1675118017425 -239.821179993326
63.7840454687763 -34.1905598926251
63.8102028965028 -93.7953823704915
63.744616142771 -89.0908296807196
62.5069972703981 26.9444582220387
64.0998336855127 -88.8526570046129
62.6229697625825 65.6328896203389
63.7324233400582 34.4670142851744
62.8941067236901 39.5421683429793
62.7566299925549 92.3223137891824
63.6248869920107 -37.9759457492857
62.7670412197978 146.761840606497
64.1640060237878 -18.0686509911527
64.2228258260031 -87.9984595088484
64.7699454211376 -346.192123628109
63.8080144242062 101.516345857798
63.8588582100872 145.748131628985
63.1239729969725 185.236934568568
63.1933326868454 79.1750574320438
63.527850038192 105.303122731562
63.0586715061717 76.9387285605938
63.8462555431548 23.4624602007703
63.6762344155589 27.0230925785739
62.5286845895701 228.443444713306
63.5953323454104 65.4467440651552
63.8290164658859 -129.635562933293
63.7148080123593 -163.448599648787
63.4545955827097 107.62511336674
63.2659812021248 86.3985343071073
63.087212789329 122.390940241764
63.4526850677012 12.9197882785375
63.3552419559452 -194.70506341557
64.4822060352505 -30.57683718741
64.1637187265102 -207.848379693999
63.3896180738672 -24.877542791067
64.1756414031376 -73.5109116731872
64.9457588211207 -352.408077534049
63.5649093721809 -113.412281933915
64.1778427420443 -136.22384187484
64.4372581520419 -168.808579899467
63.7567648936452 -163.892118903098
63.551687445165 20.2935930801574
62.7667889660127 112.853107176556
63.3394393329861 140.208506056034
63.9037558020622 82.644792942068
64.0958437792953 -151.508739480597
63.3972856682727 -24.0355226440845
63.4625239914529 -99.5411302730875
62.9158435210917 22.3731317198965
64.0853219623122 0.474389671004397
63.342651657233 129.937329210296
63.5240048693391 17.0457035298967
64.0101372627779 -23.7184848476358
62.6632542862471 234.497298646792
63.7556017479206 -27.5614799714696
64.2292942109573 -127.444629717475
64.2352261531028 -242.551240179886
63.60552717932 -117.666433909447
62.8473255442664 46.3611400855175
64.2194750596795 -71.4978023252963
63.2664205492467 -218.214711075703
62.5385881167595 79.1754225260238
63.5942921559488 52.8885641557066
64.1386866815819 47.3891752901758
62.974492168122 101.155921602139
62.6337758084708 171.925658445335
63.3182531023882 97.546365149619
63.4320193620202 -52.490559581917
63.8682614981837 17.4312340139088
62.9416037618482 117.766792545071
62.7304401116515 242.966231953543
63.9181575690242 104.56451443309
64.3403141405645 -402.951107493156
63.5306391185987 -44.786261958274
63.8477437605691 -113.816264677586
63.9866948825979 -134.07342615926
62.8686336058103 59.5722304115101
62.8957545578549 17.3779694231105
64.2654389808073 7.19302738769284
63.1311035016667 45.5836735773476
63.0877451018117 117.872121694888
64.268318254481 -180.627256800635
63.0296734264673 167.769382362585
63.2512497678442 -18.0098436512291
63.002084585011 158.403597701673
63.3757674731415 135.159410163622
64.0427499956476 -163.427306945408
63.476816955356 349.453295331677
63.7714204928545 198.4232276251
63.3998369898218 -155.937997003069
63.9860504194317 9.01567251135585
63.2540721574599 47.1889984877308
64.0134622576096 8.40644872452404
63.8914869127402 55.7985797629991
64.0292292766826 88.8947171075545
63.8049436400999 -280.750087436936
63.6107087173392 76.2579224125878
64.046165007254 166.978216973573
63.7127412813318 -131.802553142547
62.9812386877374 194.946778703259
62.5825983891973 271.60147826523
63.8362501379199 -111.765958831699
63.7020772415079 -40.7044680132654
63.9705099253756 -7.86314128778489
63.6047026515208 -56.8800902360845
63.0621574631947 32.6144519448339
64.0777614892177 15.5178509449352
64.2598971459254 22.9598381227597
64.4247983419143 -121.664087214589
63.0526090806087 -208.721117741901
64.2114993909717 -68.1747105819865
63.9209493263323 27.63877049996
63.8600209066185 62.9259286219329
63.4160157804887 217.611359370258
63.4905708595965 283.149659474466
63.3630693041064 7.51150400126739
63.536581301257 -125.240495758278
64.1203153467957 55.0744156395952
64.6471626534031 -97.5950607066919
63.7566662352878 -118.470237806811
63.972599772774 -58.9929057499386
63.1017334831454 -192.163859343006
63.8232465438922 -75.8724720714603
63.4212437554753 -102.113891580865
63.565146185188 -157.268151955343
63.6492379759207 -171.803775537478
64.5540232165723 -192.740818717311
63.040995209912 5.54923492284112
63.6552468545094 -77.1838482755872
63.4854030412518 -305.8172942875
63.4914762919658 -155.290772775132
63.9561385378275 90.0911284707884
63.3034494989725 201.945598748733
63.2069254255527 37.6300968220136
63.6159484006905 -258.954902053574
63.0965829214387 146.602981198136
64.4395745617062 75.6011052385133
62.8879256500645 76.3074653034477
63.00892999584 165.377008025939
63.4541249203227 -67.0802785378659
64.0553442751583 -263.706691488358
63.5559782856888 36.6893063818864
63.3806889737962 5.61360217053263
64.6107096574728 -93.1562569335663
64.4337766273653 -0.761421994727855
64.2489637177154 -215.305035358598
63.7426370458224 12.3561801780732
63.8073788710269 -233.725498479787
63.1043486496874 239.629892480476
62.3895984590948 126.082409415239
63.3505444490539 -24.6865375786615
63.70328260936 -229.301883460586
64.4386301831146 30.7970428009808
64.0754809936255 -143.411775437364
64.2832341048588 80.2304405563318
63.2893122156301 18.8876000973396
63.4015304041535 60.4725387664749
63.4542593076665 -256.676707010535
64.0478860491004 -105.698335465006
63.5332756514279 53.6605940245603
64.2184219940143 -75.99158670155
63.4179260389464 163.647875077237
64.0414899317171 -6.57870972381147
62.6090235242016 319.163829350123
62.9727797390947 143.013797762277
64.3522302248895 -51.8863027931649
63.587663714076 -170.120444829558
63.7230811768962 -138.740726912887
64.082335194473 -210.704711280514
64.441660221749 -106.335544851125
63.6149179190186 -163.136017819547
62.5806350035547 251.447271900882
63.0853852181952 430.448184473829
63.5875273706926 80.5177336117633
63.7861237224803 12.520655855921
63.3832730171974 -2.45674224791881
63.4676532876708 110.734303643397
64.0296093777815 -230.553555737664
63.0611702550737 39.5305062559897
63.7907438270072 -28.5230106605173
63.7706296066728 71.5553080262298
63.8945752862503 55.0617155646922
63.8526156125102 -211.440972825043
63.8351677471684 -178.577321198875
64.0684210723806 -188.303900357171
63.7945587749872 157.773494903735
64.3060814910259 -99.8854710401652
62.6615917359026 101.255078001673
63.7733028266292 -25.6928985508362
63.1018732824587 230.109331785448
63.6449612096158 -128.701445113475
63.2166192507122 -30.7102334053997
63.53062431099 40.6091048888948
63.8455415956663 52.3761620216482
63.2153237456012 -81.8213119601803
63.0192727447897 176.938666950459
65.0188841079041 -203.616514795176
62.8648436812622 199.971345323901
63.5180308777222 -224.361932673878
63.5393433578335 -228.246845561063
64.7145675067886 -134.43011492732
63.133167934123 101.11991004248
64.0373664221138 -246.327521270794
63.3992100893288 185.8948048113
64.4829063460872 -121.666306754174
63.1954242823789 52.3286243336019
63.7963281584202 65.8849989492247
62.6862692541908 19.1302708534658
63.8862465199388 -53.8984768509611
64.1884706325225 -182.857364608161
62.789150494361 117.170785695549
63.2886495462213 -30.9047689991807
63.1393442351295 1.76025587557307
62.9828964237427 363.712554838323
63.8529830428287 -195.435722771704
64.5087961936868 -119.847046942849
63.1344028875345 63.3581584961054
63.2005978310409 -55.6336156271424
64.0688635110936 -109.050549707306
64.4339148163964 -274.869626362965
63.2287172053198 107.722099381052
63.9372804131398 69.4944545242116
63.8471414288491 -44.0073594605582
64.2956630503911 -266.775448148336
62.335577472424 290.832512448182
64.2546826881539 -18.7219916395881
63.3315587457953 -53.9742079043279
64.0267323851094 55.4812471737974
63.6859692728105 -6.69066817859175
64.0321402093084 -184.254217420096
63.0217472038408 38.6365740972948
63.7956122478956 -51.3229679435285
63.5961487025839 -249.163459478952
63.4008428164104 0.444042731933895
63.7458435630624 -117.870970732348
64.0589168555608 42.299178319089
64.1284194024873 26.0626676993577
63.9577516966642 113.591484271334
64.0272310572711 -64.5935956404063
63.7460500878999 -0.603347874174572
63.8383477270692 -87.0106779170101
63.1205210623887 -157.676411410428
64.2292508280434 35.055816266017
63.8276637580586 32.2438658162498
64.350365652965 -170.397398240868
63.2917441053997 156.549971536629
62.6143934848671 367.961185511472
63.7763697990641 8.42301583134825
64.1288055248799 47.9830783256205
63.562109026422 -33.5203427829745
63.6619207259773 -116.018822795778
63.4809451383034 18.7362903455099
63.6852363089669 -124.963885411709
63.6567474518826 117.829097651674
64.4837097251781 -156.483164553419
63.3492176816768 0.855553048851809
63.2301545634427 57.8557550253895
63.4064115121326 43.0666695982842
63.3670184325428 -262.073764854289
63.3585416049474 30.9648943806427
63.7833927019359 -136.163352397532
64.4492495654717 -136.582027183441
63.932245088139 134.741280699902
63.2327914867687 90.0694432680177
64.1868455503716 -54.1279580451941
63.9589750818041 -212.43662201162
63.694463082927 32.5851823340804
62.8839413653698 165.023680311342
63.6716761572518 -272.859715213874
64.0568419190232 144.136036019453
62.5981118243232 138.008556141783
62.8358711020983 95.8437343497777
62.9822843214767 -39.3790621481799
63.4128203025018 -28.1936908998317
63.5908663274596 -0.602839219014747
63.7886038904592 -124.542221941379
62.5222346140066 272.376973156726
63.6405025798344 -290.565166227895
63.3516051580078 6.10269242582695
63.3664652651159 -3.13483549532542
63.4156719863809 -43.2573990546425
63.0418439699321 -50.5715063974554
64.4515919926437 -15.8731504863062
63.2935282137194 83.368089135027
63.7219257318236 -328.74621824742
63.6200541549264 -162.656522403052
63.8998343620523 -150.454888135305
62.1369307758521 201.692639349135
63.498903871021 -80.919123865384
63.8395907915069 -185.287625083292
63.5089758812374 166.783486423259
64.0020582610294 -142.778323838444
62.5856558651732 200.617814100862
63.1855957643794 -63.2400027672619
63.7724379305399 62.2776079919246
63.6810497537186 85.4512458771128
63.9055827863002 -50.7246360339636
62.6266353872561 -13.0449342012209
64.5829870731613 66.0369250838664
64.1971032330558 -47.2763072831315
63.1110568354335 121.117499264275
63.756158594166 117.257261137993
63.6457906812152 -60.5639160274803
62.9128295563583 23.6001050157566
63.2739554789504 -21.5569311695609
63.7839045397629 -77.2578068111404
64.0912699444539 15.2145455419789
63.9612532257254 -2.97627971263805
63.5175144089869 -126.37575707382
62.8247211456714 180.04258700797
64.1213475870768 -202.38292935528
63.7729056039439 -41.9469128632008
63.0707399238191 50.5526102211732
63.0746152161113 69.7561479454997
63.9280509527731 -40.4249777374145
63.8313006371038 -7.98880628007209
63.2618557451292 54.35411625128
63.3946817402016 -193.346818877283
63.7997687848028 -299.288928744011
63.3904472906326 2.21745125601487
63.9418146945947 -51.046052924373
64.0789531204983 82.233364631726
64.2734684247644 43.7619429102738
64.0040910440605 112.633689690054
63.5798553409449 159.453103800781
63.3191566144922 -34.0846950478836
62.9763975214299 266.101715503916
63.7669585961 71.5257292959036
63.5558100858446 95.2780689674144
63.3890778492774 25.635401503588
63.2870873364914 275.311670310868
62.8874296151784 88.5849382973125
63.6862389428558 111.407300586374
64.0570851045443 -90.9228115053885
63.461364005441 -49.9731189818997
63.2119596417448 -28.1152379012336
63.5164465339579 67.0395349512093
64.2199872716896 -119.193252906139
63.4951875268335 229.716113325751
63.008536829854 13.4303551305439
63.1936226765323 299.826039742084
63.4201296871517 158.193843855301
63.7330437152661 -122.297845931466
63.3889099303837 209.735347934186
62.876706521552 247.061296801901
63.1510145225205 115.249149168868
63.6036562990739 57.4687692966171
63.2324090170183 32.6538960679785
63.4165258727603 -5.24788194295439
64.5417579835003 -196.058615565568
63.2936951200242 -30.0342350998017
63.1948589699682 -104.580652947223
63.5038773969606 -146.815648503643
63.6651510159021 38.8312502543304
63.6465051033341 -69.5365445930607
62.8687346056761 -74.0422983093196
63.7816615173617 37.1557259882651
63.4937532708501 27.4808548087605
63.6088019714899 69.4569275471574
63.0645777261796 154.857005002838
63.9751929377098 143.82767828018
63.6708592580753 256.885460161916
63.1232264722527 -49.5995677649632
63.2693297533171 8.77273425961619
63.3396812942365 134.998516719581
64.6756883277872 -89.5693440715811
63.0948500817483 1.3702834853978
63.4156356382748 -4.35063450541633
63.2800296988269 216.194201420674
63.1315912985729 155.423890131652
63.3397232297968 -51.2622165521658
63.837378744903 129.146582032334
63.4274461783158 17.3430797841528
62.7376058015888 26.3065820686936
64.121159055908 -205.246190287262
62.9487426661511 -2.14629267450212
63.6423582845959 62.8166344887918
63.826592498574 -35.306770424833
63.2655098038805 11.6728821087361
63.1873193024215 180.286999721623
63.343999298083 11.3716773812193
63.5785959455226 -48.0896272801468
63.4910155970661 -1.67248910817965
63.2221350581867 60.6999325099415
62.7742637279233 -46.7812764353678
63.8313320040981 -271.006144660803
63.3627616094195 83.2063162145719
63.7320895020883 -243.615628271618
63.4555002246434 148.108229533839
63.2904060244447 149.875586509805
63.5538446347319 -129.318435457548
63.2429792771871 -122.487552781177
63.0972569610431 23.9797556349774
63.9538225758816 -221.553638377448
62.041616950413 157.975529089968
63.3790180309366 111.988294936381
63.1556548598307 86.3464803614999
63.1631456157484 78.2357276199653
63.9605400588179 -125.497174875902
63.0841839322044 54.4656068676715
63.192258165158 -23.5276015666589
63.2591966152857 118.801871257335
63.7161287096329 -122.06428183944
63.3962135877857 127.434257230046
64.1652180845177 -247.275838918534
63.1694254549508 195.483703216505
64.2160640202936 54.1647859768044
64.2600681153596 42.1924223824367
63.595359701303 -119.658913367955
63.5574586603641 -128.044488563843
63.4458999064961 159.971433133345
64.0662682263394 -12.3881966224343
63.8556769086281 -120.144609016343
63.5121118400169 -14.1446668525417
63.68263721309 -3.61770700724412
63.2863640137789 69.3883611272857
63.1207093014231 73.2329061017032
63.8210154244849 -4.3887167494859
63.7768462216612 -25.1318610246155
63.4750715916076 58.143124050917
64.0416306001484 -89.168995457548
62.9947378718034 202.466683573026
64.4872353009606 -342.030674245052
63.5323573896692 -21.7876423612707
63.19199286171 234.033407441802
64.0627584271064 151.923278926013
64.4210376765593 -152.584702446378
63.4495897744159 269.02796610894
63.3142167305383 -46.7315765632847
63.2610266950848 97.4168966629388
64.2530661331213 -125.916396374924
63.5198344267316 137.80338534775
63.1042717398128 -91.5434783592737
63.0597145796063 85.6463901592073
63.1482117418524 164.522177310648
63.1511091836568 99.6764022627287
63.604818117483 89.1858493781899
64.2811292748104 37.6467465568214
63.1741235226318 65.5884113951649
63.7582077581163 -111.699571975611
63.8318490779676 -164.60059144679
63.0329557446631 -85.581599194303
63.6692261323388 102.702250054544
62.8256632648614 130.650411623284
63.1325872702992 -199.439422406638
63.8646832360031 17.5450092031879
63.726608905485 46.5211722887625
63.3691928334664 -2.13785417524557
63.3291035396815 16.8858811675432
64.1689677118675 -61.9017268882892
62.6810935409831 196.299063320103
63.5492145736631 66.0161335960108
63.3009613317389 159.325642421434
63.5108588237577 -65.8034389936658
63.5431338360123 124.736672954857
63.97246505309 -135.726997996327
64.2425350325627 -169.28575377917
64.1059661209726 72.6748147422382
63.194633276651 181.541212450302
63.5081594745246 -133.015854328519
63.6812283602873 -275.983884015851
63.2380070483271 -117.929568864856
63.6412233975065 92.9923880082784
64.4688716311448 127.957900025211
64.1151610454421 186.444489767317
64.5512712368845 -56.6864333631141
63.1813026046707 105.031817811539
62.6741199036015 320.835543331139
64.1391505334995 5.7369889250636
63.6382089571858 114.79609849616
63.8094507835587 -68.1689988203402
62.9919656160642 236.834504645669
64.0577209748153 -82.0080355364578
63.1968685530024 11.2404762275563
63.6636269583874 -57.1849685855419
64.0447015808299 -170.372539264319
63.3697145878371 54.5057082445505
63.451668362066 -6.5731615477499
63.2581132806411 -186.477646839794
63.7400242227496 -174.689945644718
64.2753657650771 -152.456874237388
64.1369245839101 158.893021321976
63.5629730711454 -86.422914546407
63.6239459015999 -110.421555133965
64.1923414120316 -94.403544812667
62.9196815197321 -12.597544858516
64.0136999724529 -69.9273928829626
64.0504659340458 -13.2908956559739
63.3223037192775 159.757035488938
62.6811514953149 166.960640509475
63.8585994199295 26.585831531855
63.7495559524947 -112.396702247791
62.8267973883624 96.9927836160258
63.9715902937466 -44.0066549200455
62.9058435817568 15.8978394031082
62.8633504739449 159.348185062025
63.7629176902695 80.7529159790325
63.2269870308044 -134.509496809755
63.2372339133787 238.790619114317
63.109160951215 -4.45928356347858
64.4289858351599 -33.5395674710975
63.5495409817385 1.49869657003857
63.4558284537534 14.2291301287754
63.2925610795653 -225.120104433622
63.4455767691979 165.09206273739
64.0222266190112 -134.99060469687
62.6910701756893 264.043996968472
62.9141012936339 253.967863483118
63.6882936594284 152.071871839846
63.2304939282814 14.0741493073374
63.201531646608 221.791406028554
63.140213996189 285.553429521624
63.8720264644571 -67.4904157630033
63.4392066908258 29.8459171229239
62.7900319436594 93.7313344833976
63.2555432027132 -12.0253767886521
63.4428991090514 10.478397321039
63.4611364720852 100.851100050499
62.9607014777424 143.055891745955
63.7404110740551 55.0348400137586
63.2589437692654 125.511520346074
63.6624913031398 -14.0079743831958
62.6002267022579 162.421024518778
63.3314407643744 -13.4158156902304
63.4084176684273 -3.93317713105415
63.5656519211132 209.047650504533
62.9551459371719 102.220277962984
63.1042956834001 223.180841235488
64.3259559917536 -347.76159787856
63.5849954830077 92.5584068054044
62.593258737658 91.5069801808597
63.6564478282566 -63.00655771268
63.2970181433016 126.343705693153
63.3653456883227 33.3980654723909
64.2888452800736 -107.757719572506
63.7123680503982 -28.3097667604866
63.6546203275551 68.4699834884733
64.1717628254801 -357.994747346055
63.9286075296372 -34.4971049250881
63.6414274978494 188.195166428869
63.7202067499404 -155.909168947947
63.4283293737452 -11.8392852659031
63.5217635486245 26.8137239329363
63.6135071027511 -101.642051835407
63.8067835919996 -206.653257516781
62.8340842184628 151.449253124592
62.9407159295755 -174.0565228738
63.0853662251715 44.3601736150739
64.5461883696878 -247.504312585048
63.1734860905954 9.98336712426095
63.6741372007572 198.754523919513
63.3201562885434 135.143277650475
64.1338547021027 28.3478467113276
64.0623104328417 -122.019621368656
64.4067091049681 -172.586010241708
63.4753012933405 201.822676520152
63.8708304517744 -145.509072800248
63.8078877177895 -181.869029322447
62.5439635266008 -160.122865715589
63.7498730800807 -333.955836636919
63.8408091240968 -140.411960039783
63.924474899222 -42.0315700495267
64.4581270679847 43.9435295593878
64.2233650256796 104.813932766015
63.0699862022192 -280.251366836992
63.5693249237048 -145.77795478497
63.5662783282156 -28.8466740024062
64.290175790393 -248.347142702741
63.3278715619568 -69.7087549814351
63.7813390768709 -6.6816074095987
63.535263471623 -49.8124881513744
63.7127237911786 12.6930208770516
63.9699618486005 -11.7548356583852
64.6264555491139 -208.14508060267
63.6113220665275 -13.4196083311649
63.1518829184298 -156.495820365813
64.4672117904512 -155.80202717192
63.9991484160388 -96.249080663284
63.1677091123503 117.696764587547
63.4811860664058 199.152429841568
63.966184897556 40.7320485776207
63.8300598625697 -0.355879368039692
63.5469948315265 9.84555780683052
62.7656637923438 -10.4219476861489
63.6293959780656 2.44785666162974
64.6006251410438 -92.0552754492837
63.111726928376 -32.4048941559096
63.5389670644697 -165.840619286005
62.606144539274 405.50214596554
63.7082868209777 -13.3768020014608
63.9193539553735 -84.9684890136915
64.4340432021613 -152.704670996215
63.1913918754062 -1.40320086910624
63.5792095022013 25.9457744384172
63.504688144214 109.153283889885
63.9761044155548 -158.02676896345
63.1273796831636 126.837954750515
63.3254139200527 15.871084472789
63.6676071464119 -1.16589482742797
63.4403468739282 -3.54255482359205
63.4710446361605 -12.820881283895
63.1026950258305 -64.5480485763847
63.3113881545507 11.6160345608875
63.9930359176361 -14.6536521275593
63.095918260587 58.6347723374982
63.6390683230053 13.0765640147172
63.5888310092255 22.8925876268406
63.166517920642 163.733573878105
63.5977985235813 99.5735856609569
64.2999397884713 -81.9083489772614
62.7521276210929 165.293292189583
63.5852655865924 39.0106061875861
63.1594870167936 283.208705308736
63.5110972252937 5.22336194070298
63.825929996621 88.8366140785376
63.6913850772259 165.787345157277
63.5914761823299 -255.310639530543
63.6444667722063 -77.8623983897852
63.8362231885702 -60.4097052082844
63.8256208650453 -152.971641348497
63.6398456189137 -54.2046951065366
62.6481435627414 175.562806667999
63.311421183684 9.87560555909084
63.9978761477274 -25.0930498403386
63.0640907256511 115.468504881159
62.9853401394613 190.091799682977
63.8361765976294 -76.7805927639054
64.3249942249032 -144.659053576937
62.9162141719735 115.15614774477
63.5382486258606 -55.1945192503873
63.8194355712895 -184.047754034355
64.1428420163997 -36.3995690853758
63.3208682542635 36.6875310839071
64.0397206358984 -24.5332686461334
63.3494439307581 -246.496633322976
64.1229309527949 -157.884037678967
63.4913210846819 -19.1591310091285
63.7405479120209 -348.8678557806
64.3736085603778 -109.856615205778
62.838796354607 -111.82682045465
63.4721397453575 0.0107823911684627
64.3509738105798 -243.024797601607
64.6271865093676 -203.068107516079
64.6558257167062 -327.797659692226
63.4954381302341 -10.1205108375519
63.863840454492 -15.4135011752429
63.369517851936 143.19791945927
63.152804776516 191.508847884207
64.5049893578459 -106.072173976313
63.4813848692772 -2.10637509658586
63.6170102177937 93.2974833487244
63.506193614387 110.064058439963
64.104931290713 100.927163692085
63.7288513801051 27.9314993400589
63.439674373992 191.025100389779
62.5592297912435 194.299661573524
63.5657796929176 -142.985046632344
62.962772211855 215.869202789006
63.8225747412246 78.6901986985783
64.7731338065711 58.693937781965
64.0962530074285 -21.1325187420112
63.7793138124291 67.087175393947
63.5934353259195 67.9072593888487
63.4673931285015 -255.719103955742
64.143949435705 -47.6095743746834
62.9041789755267 56.3032109109379
64.502959657467 -144.859042125163
63.5601662210922 104.752598049121
63.1126059466464 -110.259296676809
63.324578299606 279.281572319326
63.759802144007 -138.626978431263
63.2764494719309 80.479452735004
64.0605470391495 104.64852784582
63.9672299982863 93.7122187128256
64.8018607514902 -267.678406005548
63.8582064883414 96.9343133615945
64.2444664548952 -205.565176180713
63.2392508189743 86.7988462481538
63.288507930933 -46.2433544354163
63.4289945095591 42.1323999257474
64.2266534228579 -100.578977444549
63.4354991638937 85.8054539573694
64.2445625444954 57.8811044993119
64.2291233295071 -159.208016788104
63.2927203365014 79.2892394972117
64.3935033608813 101.568808994509
63.2576252430828 48.9996367310024
63.9237096380219 157.657008916238
63.7626844338947 80.25003147565
63.5179269716671 205.144731285818
63.7593379539577 -201.437323618085
63.2436748243823 98.3695704050989
63.0250383625722 148.277053161602
63.4073800095936 41.5194844899082
63.6196603301148 -116.416038457953
63.586051485331 20.9734680656423
63.8902881521092 -118.125905849605
64.1894964874725 -94.3409253914075
63.0749110490469 274.246930138796
63.4219155794971 13.8960326387229
62.7876710127424 380.696321938378
63.1039679621499 253.546341745923
63.3426645388616 -13.67170114014
64.3168299870185 -45.5223802666567
63.3543717471798 1.86259710008585
64.1172002679591 -137.130741338587
63.8075800838256 -151.107483652824
62.9736926226101 264.26821756813
64.142918468163 -93.2881056786654
63.5188813923285 81.0596094224965
63.5464727142461 87.2557294663398
63.7560420953757 72.6874715151209
63.2874200764005 12.5367407794923
63.106670603949 19.7400574941735
63.5082637181015 67.525664306156
63.6453543191293 68.5833867846439
63.1370402603537 109.535999873834
64.6704713472204 -209.510911121904
63.7239191822999 47.0258153486722
63.8635388633241 -266.383940618595
63.2048963570817 -123.222966187617
62.7234894839203 -0.914775199075452
63.3103500345737 124.017183267442
62.9613639855122 202.85684311505
63.3774311362015 -157.265176676761
62.2456775901241 166.853084271086
62.7460857971249 241.514656901611
63.6165058190414 -199.975271054344
63.1115054903646 41.0074551548139
63.3228337126655 65.1857310920753
63.7991798139951 -58.08924844179
64.4002181685382 -106.075920927133
63.1855548709983 -34.1994272582756
64.0963707975259 -296.168949882147
63.7554613874084 9.36779737106039
63.8330677927302 -125.032518273512
63.5922240110236 29.226566781471
64.6466053662535 5.29838622147307
64.1163900223419 43.0866551530236
63.4940509715528 -46.5518633218277
62.9568946110422 219.156611191871
63.3289138728022 43.2563580928495
64.296410545596 -348.465647151931
62.5714271886628 344.003354644737
63.2492485467102 -102.496380070127
63.1238633968469 15.1627557584502
64.7614408716098 -211.30659878245
63.5730068364028 -103.658630961919
63.5573445343849 -62.2423961110513
62.9425937483162 -78.2369004139344
63.4232544968493 127.502489817053
64.2792077011961 -129.99617392665
63.5091574444059 -77.7858134167539
63.3239088807718 140.29212905683
63.5949523192576 -165.368039013813
63.7805115272849 26.9279824580554
64.7280462297343 -75.419942022814
63.8217133686182 34.4776739486405
63.454684781916 97.8542079098707
63.3084201698226 60.1944104319975
63.3321753033626 -176.712558001558
62.0746060840048 217.769158045628
63.4221381813901 57.6442251682635
63.3968729115631 -13.3293831308529
64.1895552429769 -172.108123049741
64.1069813407341 -139.283295527367
63.1871437467255 282.572939647765
63.6254039877605 28.0275992486249
62.6483604212377 248.247547983065
63.169552960317 17.1687029897388
64.0442658763084 -159.519346109214
63.3928703783297 185.593736429078
64.0672054574209 17.4299204117274
63.0430368357991 148.499845883394
63.6796369081885 48.3489336073343
63.7362217958328 -207.623515856505
63.4154940467974 -94.8008958315338
63.6949838058045 -19.4428375292165
63.5539198899619 -156.152336846706
64.8306148799914 -237.359865876024
64.4335282592682 -194.619224170528
63.6077692000736 -26.2877620297181
63.97407146695 88.246530283068
64.6914861507356 -59.3194301297906
63.8008717377701 241.819449085262
63.4566807589477 136.124002712371
63.4230373098019 -71.812276149294
63.2457575798081 -73.1319333369966
64.3067741716283 -23.5872280009348
63.7879623697783 -70.3576150905558
65.0174971050276 -162.517262365758
63.6041979763875 38.7478487527223
63.3058715767028 157.885101441375
63.5602758449141 -12.191017231915
63.357728676924 214.008890946574
64.4607677594001 -362.652415506919
63.5191675138336 41.4095051643808
62.7266080358708 -73.721709765492
63.2216879336101 -96.9717103054066
63.222620265542 -6.14037240226776
64.0589493417776 67.8691071956457
63.7725502238033 -40.7615435101755
63.9546154950961 -214.825531202643
63.0335537788823 55.3496906300832
63.7041391311291 176.281630594845
64.2965461294312 -144.596452717253
64.6308567105658 -351.354639668849
63.5608379262132 -24.6486319242063
63.0298177397973 245.288014459642
64.1358568024988 -49.8470972421149
63.7766913899413 -102.753373144658
63.7890669603288 -122.711973909745
63.7133456775328 126.336764139751
62.9606502029772 284.606213252307
62.6769804927746 146.686129155979
63.3388608905625 68.6414924818339
63.3674912243475 137.470814780392
63.6646252236776 84.5596533505964
63.6952620169887 -76.4844244157964
64.2566673896483 -61.147414801049
62.9592501047135 89.2070988831484
64.0463261531521 -245.787725982406
63.7137955762088 44.1311097020135
63.9130463282716 -126.073365108445
63.3310221255553 169.82037749417
62.981532698694 74.6043891575621
63.1883945400535 -71.6080772745753
63.1949024279811 -1.78580827781734
63.4855122678391 63.1274884554866
63.7054816433759 24.8534537703458
63.0941623763621 -83.94932413082
64.2906903104429 -100.005791134925
63.4928298532868 -111.541731066602
63.7908257383129 17.4756707377232
64.6510179725595 -185.664218979113
63.412151547191 -90.9974648318307
63.7012484333217 -69.8941921161648
63.5802293884331 19.8524680803291
63.7053557614156 35.0310665800221
62.7650546268212 188.763703785063
63.5361902799258 -34.1300391404153
62.495744467386 -57.2096725741363
63.2712719395076 80.3246310222489
64.2418000066042 -163.844506532993
63.5169964963202 -79.4673257622527
64.4214284294706 -156.963076063343
63.3128213013549 96.9739916993493
63.6700847749259 260.331964776679
64.1621506193735 -145.479834335388
63.8992515425801 -24.2926223706613
62.6107051374933 145.621723392354
64.0770474091816 10.7086442056023
63.3662812063828 124.274936786218
63.4555143451969 207.079537678631
63.2301894090157 31.2330801954587
63.2991206380478 59.6123381816101
63.5338999064717 7.36426079540689
64.0740849196881 -162.482020408261
64.0521684908678 -35.1480477711454
63.5202037600314 23.0471065000252
63.5942334015419 -112.423723973674
63.6307975123104 15.7607731702771
62.8119785044004 209.80112240273
63.5446538013722 39.1834991600451
63.777522205304 59.3086036938227
62.7975595703732 26.4988213023388
63.3390373268414 -86.9138424102579
63.9852570511682 -60.8140982717621
64.3616798831235 -370.346566602669
62.3048442813475 433.765695242424
64.1667494049828 -261.326640247672
63.5001110853507 100.600102491679
63.2682373120964 -175.565993191361
63.2686661907944 -66.2029108597754
64.0424720633028 -61.6312577563213
63.5118917314318 75.6434895177259
63.5751474660187 -80.1670857997765
64.5607056051499 -198.308866320099
62.8644103926456 -97.8175681880828
63.6201075565279 -254.205488988843
64.016522242267 -148.21869811412
63.7823618036095 -58.5725310272676
62.3388175978949 399.272065465116
63.9779375714822 -101.721427745898
64.2690089832964 -234.026691316639
63.1002067107437 -169.659495809375
63.5691195252224 73.5985244714677
63.3345746908959 -49.9737760957752
63.5034946754949 96.6006533490077
62.6051023575512 40.2487005082924
62.8357829288346 132.077629558262
63.5375468219193 -48.5168362158377
63.9537693840415 -157.821659888931
62.8704115894513 120.836892133804
63.2258789748252 -4.38398330812184
63.624426917485 -96.8105218712069
63.0606091278291 132.644190249824
63.5892299189021 27.1190403814135
63.6230102653942 -149.475657972986
63.6306522620157 -160.318821794817
62.853866895599 11.6898599843479
64.0208480358116 29.878615492791
63.4295891503445 -121.801872259683
64.0957659409447 31.4753966987485
62.5798493784988 294.06754460544
62.9548330183474 169.04015026867
63.3417810001488 -0.61449022360651
63.1644984404628 -102.038712803092
63.1921021658985 279.090299848313
63.7707815373254 20.3275245069778
65.0379835784946 -381.945982230403
63.9016832555251 -33.0195486846446
63.1451872502054 63.4601390086156
63.2810486944119 80.152474684357
64.2404081905388 24.8658356718448
63.0726603320579 289.776647373669
63.8002892023909 -114.604017559784
63.2611076055257 -13.0159307008065
64.3222781662474 -168.869630894937
62.3565843745391 406.016205431758
63.6659227427136 -78.692070919121
63.846008818879 -98.1325758595212
63.0643644032158 189.17449128415
62.8199580107524 101.081055380269
63.7810253224936 -244.717871237176
64.4253469178985 -113.40273645025
63.8126135269001 90.716641897483
63.4316532850552 -81.8549145857692
63.8411701431004 -129.802332117524
64.3839203226421 -69.0561630336648
63.3024768146385 51.619326878307
64.1726643539941 -132.519585256766
64.3930066146406 -36.0456769145123
63.755423410895 160.703362239786
63.4735380030702 -43.857260277744
64.3895510508771 -112.174973563538
63.4044501174269 87.7119043171445
62.9569128542256 137.217045198023
63.5860162456092 76.1207899417988
63.51376682973 73.982411668608
62.9374801335221 61.5878969300726
64.1420499162554 17.5556400364793
64.0233221641065 93.1037132842607
63.552159097745 221.235953467717
63.5292163964511 276.957050250096
63.1504202293552 88.2523337570719
63.9615978051045 -67.634781270723
63.0292101342658 376.446940179167
64.2838376488166 -237.901634059206
63.9388020927133 189.940394664934
63.8517805401198 248.518606017083
63.7734077122941 43.6386152378511
62.9320460094764 45.7067187334022
63.4361779965319 -140.934598538033
63.2001497583497 88.846528275929
63.8360565585508 -143.947324245538
63.9535232034449 -291.722312081824
63.8164538672879 -104.886944228402
64.4389399453822 21.6951848507087
63.175641926605 39.5864863594588
64.1143258140854 9.81149995872998
63.1509948044819 45.8162967064123
64.0501066639684 -239.706093613338
63.4770315215473 -73.0015158578396
62.5430769193294 231.607136010394
63.4992369945434 -143.90649294099
63.0613790695676 -11.2031510430167
63.2596638825949 30.5332602782095
63.6381054392097 -119.482348922538
63.3324721772884 219.64612592681
63.96845304261 3.95749415833663
63.3075760276183 -193.066840518738
63.7017208347783 -17.5797278738786
64.0510440868038 -79.3849481016085
63.2156855144406 131.547798992201
63.804640511111 -111.501898274269
63.4930318961068 -175.229023857023
63.6146091388315 315.386716422068
64.4332761320122 -10.3813476904532
64.0644089745395 -36.6145700911834
63.1970365917683 -44.4509181525182
64.1758302790577 -307.835234982591
63.2314004066482 -34.3870298647781
64.3603266279171 -136.355941309271
62.6918751650902 155.9623562698
63.3481957297598 -159.018565332319
63.5781577952694 3.0265262686895
63.878892713 40.1567011400411
63.3139484419596 121.324841151017
63.7239504839896 149.261863082808
62.9705662918173 306.697553418975
63.4352010947695 -27.4264730022582
63.1164882754099 121.539951369552
63.320945786052 149.429439789925
63.9013926968288 -50.2139830403672
63.5412226209387 -106.287877286958
64.0178201968173 -464.375045720106
63.7992204184078 -134.147406430419
63.6280833191896 -25.777750428362
62.975050463007 105.809715542875
63.7294838913966 38.8498549537438
62.4850151115627 162.481907630164
63.9287867024958 -40.4191384590067
64.2672291254142 16.3428591747949
63.424883594404 -10.9216550730497
63.6103252624611 223.117007993925
63.1894051256256 -117.191081923376
64.029868242492 -160.298187370134
63.6864647151172 -147.347896144963
63.3654627893001 96.6413684876088
63.125062339044 -73.8377882032165
63.0886541849751 115.231567606868
63.3206395476956 -145.691077687217
63.9709120881182 -162.031026230715
64.0267093920879 -265.639280309505
64.0517078364692 -111.760540164025
63.3725902860064 121.382163312955
62.811437916504 299.338945322392
63.4817844319136 -26.1407811655365
63.9606019737311 20.4726165328061
63.4724699065927 21.3968484358294
63.2405369096669 -153.250782093837
63.52865065726 62.7008953990933
64.1421037500831 -61.3670966338048
63.1039029321311 -5.47062608887828
64.0027649637504 -28.4392098851009
64.0942330339676 -24.8777287646714
63.4820356434925 214.392573273558
63.0385159222944 34.2378523366767
63.0820343147452 3.02201639408586
63.2498530431442 76.3807611344248
63.5797071303329 -61.3640662240176
63.2980984740999 -6.05236365625919
63.2279353615515 -38.5649345903154
64.281801998851 -158.26805381418
63.6980791291518 -32.2824150659775
64.02882507808 -123.805590778514
63.233733184633 74.9640581067581
63.3141582430174 12.675440452034
63.5741982011232 -156.619446168644
63.4227421878348 123.825039731025
63.2765779246766 179.584686853605
63.4143577648442 163.576748597211
63.6299578995945 -29.3749069436939
63.0816030267342 195.110541471949
63.6332997657614 56.0280110324334
62.6266173936742 239.245518688061
63.4236631215023 107.884043011881
63.3689917284175 83.2364259190765
63.8240728655295 -193.302145954278
63.0884620018303 273.202457710609
63.1622270106307 32.1384163809686
63.6403102582049 -46.3023913858599
62.9258181894568 84.7459715583676
64.5405837269517 -358.999118683303
63.2865974564225 154.765175120794
63.9322701121215 -320.26871422502
63.3685163103357 45.5167499198272
63.4674618499945 -82.1488678959758
63.6554328346173 -31.9414769113647
63.7985376299177 -8.16443403647497
62.6036411947776 101.886718945582
63.0996832659812 104.716097127422
63.6037762426539 -1.05731972475351
64.1625760149781 -113.440125465561
64.6710965357484 -224.461156446779
64.0698057031809 -0.30248423553677
63.0255763129091 366.777287841372
64.1721100679994 -278.460045481607
63.277479235528 -3.52613263468073
63.4733594598063 154.099945872032
63.8201930244337 -17.1691689003928
63.5235206405047 135.899029495304
64.4791426040777 -81.8622025127497
62.7878761604107 253.524397765601
63.5104463482922 -198.81520996789
62.5441613180172 274.79206229425
64.794139350685 -193.242215656563
63.6762831363755 6.29029806329186
63.3506005800468 -78.438529147057
63.9785713659774 -52.6418120987732
63.9441222126846 -173.272852472963
63.8635593815503 72.1421832204751
63.5203875167174 -52.637809136795
63.4785361999881 -132.016641616223
64.4292795869681 -202.782020985613
64.2743518075644 -14.3703578376005
63.9117811804341 276.518156318107
63.5989765037349 -11.7463905945286
62.9618730833051 324.170944657707
63.2126411192454 74.6084566666062
63.4712733371413 113.28876774148
63.5635483522154 -97.2934487886745
62.0357424797034 273.919885151585
64.580808444424 -177.452015598444
64.2593915653876 -89.5126700637605
63.8025930255479 19.37930540658
64.3115645599625 -11.2610620868111
64.1113945357333 -77.1264875824006
63.7323266879991 -115.656144179234
63.9390665925445 90.372252873575
62.9171039381471 61.3861576607841
63.5938367369363 111.434541727181
64.0149001385191 -117.402005397668
62.8991791904301 -61.6091468801668
63.508203453936 -82.966991933099
63.3411256761732 164.10798416029
64.5510519046161 -77.5367450969837
63.4986581033327 80.6061878688902
63.1499843264472 97.9427310199936
63.924314803895 -44.9263554254199
63.7424664456532 -68.4892617462035
63.6562119264459 -37.907120027487
62.7753316781718 209.929029858684
63.5147068664485 -66.3023476068506
64.2595441865839 -141.351765001319
63.6711729552517 50.8163939026945
64.1864221062052 -133.631014301726
63.8033637010116 59.4807197645303
63.893714105579 -194.980330694902
63.0863910946145 146.632498509237
63.6963508614302 85.4090024430562
62.9440206203626 134.225312492274
64.2887034382376 -65.2172149700714
63.9172422759745 -33.729689591832
63.8518823978421 -146.504437587161
62.8012335802373 171.568334036579
63.8302305298272 -0.696066711713209
64.1633123154235 -67.0466663328481
62.7189301943499 58.0677600026565
63.4236242092141 -1.71561918016101
64.1673357437253 -196.887888687174
62.9647643458533 103.835049843071
63.5285606849334 -14.9646277520259
63.0584347540134 135.259827419056
63.0353546973634 86.8673254822849
63.4424446022212 -2.82178638092405
63.6725978484222 -132.305439986983
64.2115524061574 -125.121016183383
63.6390436160043 47.5434460689606
63.6097073182707 -179.636915390926
63.6521584101456 -75.8819936587806
64.0284610786765 -51.7432877008719
63.7542438738048 -92.5035429562147
62.6580669541599 -51.7941453478985
64.3165979526085 -153.444672587626
62.7901110025006 270.406710755139
63.6786037252296 7.29740402207716
62.9019390001182 67.7271128146513
63.8107164369469 6.91166939739238
62.2161952061686 194.891746636717
63.8714908173658 -67.2908828168285
62.9671618752969 94.7949707230747
62.8665043557132 104.761382230281
63.6577819059073 -143.016214214693
63.7830074573537 -64.2450033437957
63.2373017126258 77.7225613594098
62.8628201967045 53.7082316516319
63.0510040822873 91.6954816798782
64.3601761308993 4.4593048680445
64.5238812724712 -160.370453746011
63.6087531130684 122.572210199195
63.784566090833 4.17186472043328
64.1689148114605 56.7632412291013
63.5701972939053 22.3890546204752
63.4852754650546 -304.034106067807
63.1414661724772 101.84498175004
63.5186575323621 105.417970838869
64.1069817704139 -255.627003208226
64.0880038504705 -20.9300914759061
62.8494587018408 -178.864337364026
62.9098642917962 301.210940241859
63.7462035436535 -1.52476612602384
63.593949162676 65.0317514270379
63.8102000853616 -27.179801849307
63.9855118074888 -13.9642851749641
64.0234429174167 -52.477628299408
64.1376711938673 23.2186765302061
63.4374530975683 233.583873001973
63.0113991219203 16.8269635303828
64.0961699847362 -176.535598602264
64.1676780818398 130.236093182811
64.0383653926293 65.2036135294029
63.4707575493654 -74.5467629432866
63.3795804395341 -30.437437472865
64.2930283439158 -316.963217625537
62.8504075614627 207.328358496974
63.011146715377 133.486639953771
63.5846038011275 -44.7900755456295
64.3387832844093 -68.4706709155937
63.231415230955 48.1078219650994
64.109458425149 84.6373652973923
64.1459208477503 0.808834258070254
63.6863042447087 104.922023089607
64.8763456309988 -34.4676456393997
63.1734776283345 20.7812702797958
64.1998017629904 -289.641662367019
63.4799778532702 -104.963303804863
63.2291020324815 -4.9560726066133
63.4377433016325 69.0498984770774
63.2343999993686 139.215907986894
62.8855363701861 61.2803658487616
62.9228577358217 279.925080010141
63.3001625055175 30.5150119042052
63.0803725911738 222.658623808739
63.8458271535018 -157.290523913594
63.6759000508452 -191.856390895459
63.2206410668284 63.3473073732111
63.0715997799753 25.5870976330407
64.1174996340677 -257.345459522134
63.118005253809 -62.4451992637563
63.1154787984598 146.580745216721
64.2447412652547 -178.957180119918
64.752286865106 -327.103952496244
63.6663375732035 -192.444102077329
62.5192969959033 296.915869506734
63.8523005559181 18.3854722472409
62.4004624887093 66.2060298440196
63.0168329729663 88.7405633306305
64.0348308008891 -70.277424375318
63.3559112417512 186.122110441678
63.488948508093 9.86891707681149
63.7865807741446 -60.4205049419947
64.291134504397 198.890508621501
62.4930741009324 227.328344493856
64.023540608565 -191.998960376106
63.880665116892 -139.948616788681
64.6958115963455 -76.8774212884387
63.7564449331067 -16.7010985253249
63.1998636712955 -150.639203147051
62.8478400974076 40.9806875070449
63.191844531544 10.0109776493186
63.712005454288 -52.6050507129337
63.4680890835929 -22.5584020067475
63.2077546461588 113.594109889117
63.0339059788179 275.840988404283
63.704219418449 127.605415795347
63.1759644936954 109.162832429806
63.975831401028 99.6634392238661
63.6633406651233 211.299837605357
64.5831433667857 -162.005111906751
63.9925576682048 171.909004516235
64.034715332089 4.19327640042349
63.2371479225796 -12.8407191298961
63.7532856615988 87.391066023054
63.2951144928513 -30.3992854153269
63.8690027048299 -50.307204108553
63.6244790930335 -19.4421163479965
63.7272946985023 -331.719295922302
62.6358017831834 -4.10628123688807
62.9503866572623 85.7597724359943
63.7512182043872 -54.8625003604355
64.1429477757401 -205.991347036225
63.3419522031631 -15.0158038923258
63.5357191966623 40.7265589966534
64.0486018074945 169.714381367672
63.3450876999775 178.277199142802
63.9824319772158 34.1174303197675
63.3611927759115 174.134603540245
63.7970185634612 197.231200202665
63.3805118680696 -97.1569333161259
63.5382859218618 -52.9722995847323
64.4685079344112 -272.240551054107
63.9159345640474 79.3685835333759
63.7552629666671 -141.288607103147
62.6645657582661 362.796414977908
63.2715789892433 91.126767057777
63.6281429433303 208.588933594953
63.606123698284 120.417108443748
63.5625993174402 -82.50660416231
62.9279197508573 169.320862520447
64.2114722335867 96.9787491791428
64.0451930988904 58.1208205596335
63.7136806974702 24.3270365236918
64.0139015229032 17.7950070965132
63.9205819961131 33.1916755761789
64.18397593315 -110.867305474618
63.1877561026608 -18.8594610145401
64.661074521181 -294.302378243282
62.4674196174164 -34.6511492565851
63.3133059900583 -115.210405074434
64.2515044523452 -277.912774684036
63.2640495063361 -17.8282976507442
62.8186598650623 229.258606995432
62.8509968340422 131.330581670891
64.3097877277239 -59.8512939352675
63.2892571392142 171.049918497725
64.186362709176 53.3583395946502
63.3291059127776 36.5797192142801
62.9203052018191 -80.6131035150456
64.4795182576494 -169.98007100611
62.979683434415 66.9397448627898
63.2023489097244 71.3944904380062
63.0471278207277 146.455397955823
64.0429466924086 -27.9600357266731
63.7570511003212 -52.8258483108033
63.0371574205636 -2.97142341256752
63.7454992814146 75.9275200283493
63.0647826994478 110.291333576214
63.4705524728864 15.7642241796282
64.084296063088 -187.360160432349
63.0207332111072 151.500023683429
64.1305996255952 -59.6219678714161
63.0241155267663 211.325673852766
63.6380207551447 153.334186662729
63.4430307997394 -112.374204677685
62.8790899681121 103.834016069072
64.1381793135891 -230.35986646323
63.6020232299025 -246.616202328648
63.9003590354337 -246.290695304445
62.7557427705587 33.0089471809667
64.4168162829532 -85.2327976912502
63.3986314044564 148.153213500681
64.6253059513012 -151.392888878502
63.6275622793101 -28.6939015268593
64.4059504140802 -198.417421189224
63.295199809945 159.7246801336
63.8865626698246 -119.868312401897
63.6057103212662 2.00322465867845
62.6940189516318 389.812478007667
63.9979968194232 58.5632248351375
63.3609753936385 -59.7579166454561
63.6344717135404 187.06864901251
63.9378727604366 26.0939528831534
64.0428756345426 131.786389306606
64.0574496943637 31.0590907396736
64.0082410661254 -246.314182358108
63.1896075303004 147.964192432861
63.2705817888475 134.084991599369
63.0259516139401 17.4865280376474
64.310213436285 -170.034973721733
63.2664438804581 -69.3399336032955
63.1708006864797 171.64340140757
63.6252652422918 -146.128271253981
63.9595868014177 -173.571886732634
63.9494700165416 53.4150530633651
63.4151905725639 -100.240584309054
63.4594617113766 207.106839345091
63.7081415035506 -56.2554904831137
63.0071454356464 111.202715419952
64.1969204790078 197.304646442194
63.4547385773659 33.1973449450251
63.8886363617433 -217.266298921117
63.7312855532344 -274.892328366651
62.7090757197471 -146.259435487014
63.899942693445 67.1727532182875
64.119540587699 -247.56884761684
63.1342864702925 96.9864729289678
63.9559761971575 -22.2512034947374
63.707558426675 193.302309675817
63.3341223098689 -46.6483212255288
64.0187091596061 -265.019578742281
63.1240080805431 12.3995749854175
63.2448973836578 -70.0294599181289
62.7288586394902 234.789678258156
64.3452278181888 -68.2876133531249
63.144596930531 -64.2105279280577
63.9922302199723 -152.446090402742
63.3476961600957 80.2798549308745
63.4276298717872 92.0403739909809
63.8758287680745 -49.634556475733
63.2722359228948 82.9774296523132
63.8339993523429 198.325864975493
64.3800654284065 -53.8191169067952
64.2182353392444 -104.085609256764
64.5572281905868 -181.697955617513
63.5925510848532 -110.22165223284
64.194860057007 -83.5573751994363
63.0333979994517 -109.364870146809
63.3892417906419 -117.119010753271
64.6229077364986 -204.674708197347
63.6904600105065 -101.298889386115
64.8514387442875 -37.6886273572814
63.2608036825904 53.2248939592726
63.6471991839625 -37.1704207024178
63.3512510274796 118.669409560385
63.0416805923057 -174.711494516096
63.7845442830874 -154.943352615406
63.4144409507129 -74.9288290088106
63.6652392789829 -130.465040250686
63.1338044032502 82.4502108515603
63.5601944873449 -42.1481946992514
63.1692487810354 -1.29732605631501
63.4735280184453 23.2044592342584
62.5712780335642 90.5667685523176
63.8370196119907 169.629374324061
62.7294377474663 85.9657187130448
63.2360638922546 292.847860982569
63.8142795662702 -51.2612031944333
64.4633577754226 -337.833008676356
63.416795426415 46.1438470745417
63.4547679893912 113.566573261668
64.4435832807903 -108.49916307748
63.4230710660414 41.1235975470778
63.0957770914213 24.882599523777
63.1949128834982 -170.934092883423
64.1523140607347 -98.449563763351
63.7108455461118 -17.6102613517353
63.3825672123782 58.9305654098837
63.0541509593775 152.842041917946
63.6934820940739 58.54821239243
63.7336674593526 -228.596693149326
62.3349219306859 168.244431746158
64.7843212866518 -78.9065129511619
64.1011344901514 24.5303724006142
63.0742344237321 -162.393430481157
63.6232763859854 -77.0281859909793
63.2627862242339 122.217397585873
62.9799233885637 62.7836481941928
64.817795815416 -175.437035632451
63.8603006269878 -198.646441210067
63.7979640276129 -102.738045035176
63.5003306642308 -44.1810262147896
64.0983614285071 -77.2993530673592
64.0448270020144 -0.0803109583675441
63.5583404725792 11.0178975858379
63.5006870485182 -57.2398505402217
63.7946147483962 79.347601289543
63.9143333461331 -5.59279790196653
63.341096576417 -170.333597391189
63.8333713168223 -181.498426165272
63.4707104844741 -10.2291669955525
63.8770732436366 50.8758530369224
63.3211037423024 -107.675578317212
63.1140145466754 50.2991561849952
63.7334733094291 -10.7412266624333
62.6668319789941 -1.11943382785055
63.3086463570683 97.141833556716
63.5860184673868 64.941204439385
63.9388658626594 -135.978197582127
63.3397348481954 28.3662277424847
63.4054083662571 -23.239792222138
64.6211088064883 -278.10985003813
63.8925506584151 7.25035969041193
64.5178887061987 -116.045282424468
63.2298557043626 66.1271424216934
63.3365501926227 224.321750100838
63.9444085234051 -138.021987453935
64.250532830582 -78.2066452508896
64.1776374346517 105.268752014988
63.4303332447116 41.4255526885523
63.987886682732 152.738688000065
63.619647042257 131.548349830012
63.7884627588444 -125.144126268341
63.1974117858719 -100.550892926768
63.8188123203888 7.90959097942524
63.6721476386366 -67.6338226642009
63.5296730773913 47.1101122514991
63.6438326911687 -180.736033144911
63.5030865635316 -50.879827991116
63.5159841653817 -25.8699547283164
63.4659687856179 82.2797072166345
62.4906338534578 118.436789407113
64.0030915750748 -40.5376662220601
64.3430117706827 -28.3401690217762
63.1340333690521 100.675691184336
64.7001468597546 -375.732413695413
63.81419361396 -114.850109022786
63.0196421675908 -95.5613893254911
63.7388004002386 240.998963298107
64.2038943857623 -100.58050505099
64.3020361893075 -94.800227514578
63.6198159952983 -73.8032088664052
64.0085714305996 -114.208629555822
63.8013250970853 -163.788857721263
63.8572406169057 -363.041044641313
63.8212927693306 -198.224856191649
63.4306980356054 -6.01190213383927
62.9469415157982 29.704118818325
63.7001904355075 22.5560487157268
63.8777252718758 64.3261065149304
63.5805813846363 -144.350412308652
63.5726660637715 -10.3904560697506
63.3926003357295 -82.9910871756095
64.0105181892168 84.0377071070856
63.3016888933595 39.319041836293
63.30308753598 167.830267402467
63.8410572031446 89.583444846982
63.5703298583993 144.122209852846
64.2579509698958 -64.3137003247685
63.5509462245998 218.930605139267
63.4584336847428 8.09225243204575
64.4732723983366 -135.700427840473
63.7782923317458 30.9319820618915
63.1970847929378 -254.18859679455
64.5444464514405 -211.648078339973
64.1466178386999 42.3101753677096
62.7990314254642 -46.9159977679422
62.9142080962214 172.659727225378
64.0360580758074 80.3718281312491
63.818157236408 233.112060001746
64.6070749453367 -110.791638080936
63.7472064746784 34.8648391369093
63.5615360923234 125.057703670557
62.6799717715034 -34.2957926623353
63.5417767025059 13.3817597830642
64.5754845490359 -150.121102937106
63.7263230989288 97.5348485421617
64.0711738916926 148.742845478427
62.9087954013981 234.333577842202
63.6960961238114 -30.7143672041149
63.8355913927756 -109.11481077063
63.2668805832649 -89.4561376839824
64.1292133481153 -16.313870417683
63.4736334501473 122.499899865292
63.642116480502 3.0631273008886
63.7062661346554 -114.64903973177
63.252247338814 175.955867927544
64.1517043073652 -194.92567151091
64.0097867330703 -78.3468786726577
62.9971488772244 138.764359880446
64.1881732894886 -38.4552346414063
63.7922418679858 -54.5471031965197
63.7846075712327 -110.13355414719
63.0805146566973 183.814525718978
63.4761173505812 118.853715208293
63.6251369806366 299.43592300257
64.116073999215 -257.184457642945
63.3452246523119 115.696687735632
63.8939731345169 4.63827926621065
64.3078379181491 -150.368826039278
63.1887678067154 -108.028003376902
63.9260862219937 -9.72483391588441
63.3594115973225 -31.8782338810765
64.2823534267335 -71.9579269184783
62.7987531714527 218.19601080075
63.4660356716199 84.8949719419962
63.2791407641526 98.0938463879542
63.7621772943213 -10.747687486328
64.3514039155018 -52.7219543589036
63.3960756793011 55.2420687259374
63.2282207289298 99.725776943527
63.2703536409799 14.1851032380947
63.4539509960066 93.0408697457959
63.8262241609008 -2.84469468384152
63.3750108664079 -117.851614381878
64.0286231048083 -151.02080487313
63.2996755274906 24.8650187282898
64.3468388274948 -153.8926945585
63.0378248814563 251.929084312761
62.385773038013 138.833358073501
64.1435278481167 -144.715934226797
63.6762670660041 54.8915853756811
63.2531974502439 31.4056709687717
63.448760313039 146.681677651832
63.7143581286736 -88.426386489167
63.611353586656 -143.683059651537
63.2592283222744 69.8728617533797
62.918861352337 100.649037150346
63.7442498953292 -186.454739590996
63.8222383730748 -150.062454281526
63.8278759823503 -95.3291889214663
63.3621492307479 -7.75663751083661
63.4237251861073 155.668286965841
62.8624359118774 339.53191347144
63.5589781933205 32.1359306882491
63.5629724988755 5.4654218560852
64.0416719422961 -243.7664647228
63.1067843066156 59.684070791878
63.6963684299828 -46.1380984328314
64.1827400096191 -95.3876702575184
63.3362539222392 255.293154446901
64.2318878686449 -177.989430444974
63.1057818979151 78.2907251298473
64.2118199311978 -68.5671618996033
63.9226876082034 -90.0787571668028
63.7735148269231 127.093148206383
63.4868473115514 43.6383952381431
63.2849396414636 38.4109345591576
63.8923801761157 67.3064431621391
63.3903690355868 -73.6501661716537
63.3403489599665 190.852250012418
63.4905843117914 -184.919375066603
63.4191212323619 15.3624509845353
64.2231413947665 -300.103534781188
63.6948738253134 -71.3704182583809
64.6724813392184 -107.191926509614
63.885567981907 205.634825999744
63.995013539566 -18.0671176227322
63.1041206805537 -21.5767963295121
62.9262579882686 77.012452637175
63.5322002914685 42.7247184267823
63.1175514131292 -212.801774078352
63.3312860357956 -6.28952252842166
63.8793383275487 -104.818737963547
63.6172241013861 179.016904108033
62.931064162546 -52.3115505327819
63.1395320008052 -88.0608296353094
63.723577356637 135.874547381487
63.5585816760614 -2.12436131650093
63.4852348874465 118.08017095329
63.072346796321 79.1854999572197
63.129336412211 204.507260815349
63.5054413703093 -37.1174902424728
63.9676018585235 -393.532212112259
63.2425478495815 123.14771768866
63.7850749059961 -161.176365943301
63.5970174395867 -68.7092466837052
63.1988661687585 -99.850346001842
62.9007296198316 -83.4638235775814
63.1751032521994 -42.8800510327492
62.9095862771501 72.6014470927702
63.4213991386829 118.996648448863
63.644243499244 -88.2479263388997
63.5231698019294 231.646749674672
64.2907344017732 -129.562245436978
63.0141456382523 116.982952544395
63.1674531311652 73.3981272971307
64.2199191824504 -159.485415606633
63.5401117086316 -120.261393040011
63.4141219043138 94.6409976821241
64.5637624438279 -70.0013912097207
63.8858079877549 -7.86881523628887
63.665730538856 88.2552331951083
63.0947246527085 289.939684495221
63.2441556355526 -5.33096573944262
63.7132181064472 -113.346210075986
63.7925140867234 -81.1147923407308
63.3416992779068 29.6627627272542
63.6540117196618 92.3566175071023
63.6254371471399 -11.4634232943808
62.607719080596 223.147527023912
63.5431259722925 -145.892772314221
63.8854511283061 86.5619059223735
64.0821785052831 -185.255654660249
62.6538977964749 138.235175971741
63.8374157713899 86.1153895347602
63.4765066621811 -24.3563300551826
64.1085556475208 67.560534052839
64.2300986036966 -22.8627500695416
63.4491759090576 231.277143205419
63.5315526338871 142.628176424647
64.0436835406932 -79.486729449409
63.6147522137998 217.006470607065
63.9945178474488 -44.1061397245168
63.7204320807652 -23.7423459103908
62.9041161150594 -108.169643710471
64.1866068909866 -131.001898083774
63.922373825852 -203.909004148144
62.8992000920917 -156.347443444797
63.354846127808 -38.3765217795248
63.7066928940679 -8.88783448140502
63.345962351042 92.069831848801
63.7065317683193 197.777786047513
62.9670611657951 311.813240251906
63.2800104087528 -21.4001820702778
63.7107205073142 8.4718009699455
63.4314988036618 127.697401149719
64.3480692336797 -153.368957635695
63.0872199083966 -16.5833645448589
64.2440402681825 -72.9601960698056
63.4329041657483 -45.8386051794036
63.9543594584848 -108.64096083232
64.0938493591507 11.6948606617154
64.5913465956055 -106.643021558674
63.9372314518749 -63.8003549548334
63.6465960933685 18.467561986387
62.9734039188449 2.4322804663709
63.8326490327218 -239.015911665851
63.3747856365591 69.7482641963818
63.3499004903882 181.838417318529
63.4410368060892 9.24041446008344
63.7711204262968 149.216248154076
63.2577461788206 -175.940653398048
63.5278417157712 -74.3101957438752
63.2077798684328 369.321673111574
63.5165517476881 107.867487631978
62.7299276598846 40.6382533916962
63.7623974470471 -198.611169529731
63.308164113445 -121.354359560939
63.7697759689371 -97.4963569287464
64.1685468304144 -19.8847069718354
63.4148213365532 -177.729021095251
64.5498042230071 -162.619152898008
64.0939502852009 -169.738032657711
63.9180562922025 -246.947265547975
62.7204806661554 92.2587559381244
63.7012280102505 -84.8106577531747
63.7557502015573 34.0684997636586
63.2488155212591 -328.949562104851
63.7592569259938 -211.632772871632
62.8724877886556 117.471472414753
63.366560436262 -267.471153403404
63.2947253787801 43.1004935853514
62.9825072797174 39.4767902047921
63.6125889522459 182.630913923759
64.2179529939781 -270.509426560091
63.8951695265241 -253.145897765829
63.2841918305006 -21.8251912862551
63.8270595450204 -122.620080299809
62.5084507948872 142.053585849612
63.3915947648421 94.5332382582797
63.6207043974928 165.172950736638
63.2209408202657 -132.182870443791
63.2431968629947 0.638194084942324
64.1749224351478 -74.5138180079576
63.1505268012915 35.6837937296183
63.7864682118282 125.171914492784
63.9874297347978 -27.0123480649623
64.1417916676914 -52.9593014990845
62.9173190245346 42.7396428970877
62.5169398365548 236.572762833801
63.6552024799341 -122.413407037932
63.1399591696621 226.220626398079
63.3869357895055 115.593334203937
62.9251578153351 279.499471632558
63.1424173866801 115.454139951855
63.2841917991129 14.9734936230942
63.3278600468626 31.057859087567
63.7875864479032 -116.750030168484
64.027439401092 -274.33778701396
63.3047591341304 226.000139851205
64.0502926007721 20.7936020703133
62.5325748692768 311.491630332397
63.4861239295331 -8.78320678455763
63.3515649445882 102.305810657107
63.9191132096232 -78.3027321671346
63.8804273565924 109.422915851785
62.8742722942513 126.849768377829
63.7843408765162 -122.417812652721
64.1336124146371 81.3667580168063
63.9552865780448 -28.5637642792838
64.1238809567727 -261.364287690437
63.0821006880596 113.131346216292
64.2969435509192 -97.777037914209
62.9422990073587 272.551967922899
64.4597327849338 34.5236513876916
64.3506576199646 168.632902604097
63.4014493286146 -20.7687905369063
63.6147011637629 121.924264473245
63.4490893387836 -7.52526674786589
63.6117042503155 26.2795095561974
63.2432541263201 126.750593871224
63.6611501546455 166.025119206739
64.1590838476662 -360.298443440636
63.5736462797852 127.876231352634
63.9174510858354 -160.522098410061
63.8237820804837 -96.6323844121023
64.2655619694433 27.0702310815085
63.850214555092 -47.9010595173701
63.5922545505615 9.2487467254994
63.632686919338 47.8516603293146
63.4073348639136 37.0851753241711
63.4047417241333 8.83791106283521
63.6735563878089 -95.5551126802761
63.5847004335635 -168.60428155693
64.0922210875756 -93.7450611027217
63.9754290248927 38.2697282578468
63.8820541692103 -28.3482985087571
63.2344917513486 114.644835898984
63.5696491318935 -4.56570422913271
63.7569134336437 -175.161013645749
63.9232230143243 162.993781211275
63.3883926442645 -46.2026569794608
64.0146748303037 -190.930712210763
63.5089415261143 -74.5275079754931
63.4409606145155 136.214098506029
64.2883889367282 18.2230224172879
63.3893181128875 -46.3212480159261
64.070241346924 -51.0248687286739
62.6310422079925 29.1154488933769
64.4746547961579 -288.735873096242
63.0569030645312 98.9666480974729
63.4202163322346 49.4609462539098
63.8474492955313 99.2728579242882
63.3087438505068 226.989869729944
63.4914105460903 31.3480162939726
62.9682191155015 125.573842388453
63.1684647858564 -48.2099947132731
63.2369477127282 22.6630212057094
63.5314566227944 -88.5380422219419
62.5076903004077 111.806133708322
62.2300164809531 288.098220415869
63.5447891357622 42.2279855612314
63.7291412986628 45.4441200432489
64.1495603694119 -28.9617024343971
63.6199507488646 16.4718664442331
63.4075399220974 89.9893541427348
64.1029349632696 -171.40459602859
63.9755655310849 -93.3670083318031
63.8418902913638 -79.2097070632146
63.6995015081772 -10.4277886407049
63.0202588651181 123.319455452882
63.2170010796292 118.902441592002
63.5818321105169 -129.679763958046
64.2533435662824 -70.2584867403441
64.5155800973852 -97.0635967095469
63.3682044969927 -10.9222814455598
63.6199115451306 125.181647531502
63.2144892817185 189.016817771635
63.9050176003855 -203.664021322964
63.2587304755031 42.4742538538609
63.1277331790268 -2.58419545767828
64.7065087870729 67.6720949883305
63.5325586678367 76.0674871043508
62.6779147087926 152.749962590608
64.0157752165011 -165.394465314116
63.3619769177784 -60.2798345038149
63.2988024720549 146.555982685775
63.4162971032794 -88.9811165668358
63.7126088548043 -71.3486410591906
63.0149886618616 -124.330722020887
63.5130770734454 -148.443137336057
62.7152665675464 265.180518798336
64.4010595152659 -70.6409516607425
63.8210043021502 -199.892986979125
63.7892369380505 48.4622095998909
64.154859755451 -191.725667972804
63.2670302387986 -21.6097129081803
64.5287334385265 -61.8650093446268
63.3717142913486 101.299901193557
63.6723690644656 55.9592299098894
63.5949113054573 83.2760989735281
62.9788717912607 -15.7768844704039
63.7069119489378 -76.3526811452998
63.9214509426386 34.2249666328378
63.3975184911808 57.8608704231081
62.9906453133668 157.46993826369
63.2710598970357 -63.5511386536604
62.926891085777 116.460078567315
63.1956046686722 228.110645393369
62.7116568758573 210.909825074475
63.1330525393912 116.64155074418
62.0896458995084 208.152181502328
64.6041156088238 -242.664754312618
64.2869638346769 -208.251473920461
63.6084944564646 80.1077572470183
62.9265021228082 177.731028913576
62.8565954535175 7.42733849524592
64.7156864757669 -151.725537665232
62.8388967816255 -7.78897653547904
63.1313209057995 9.53860484020621
63.228055622914 -27.7744798252412
64.1231748150425 19.196488756662
63.3405317742296 62.2153181606235
63.464575938066 89.3627861315989
63.8028247936523 -18.6823105287667
64.2941220211339 20.401440780132
63.1343122031068 107.835819184065
63.472299979766 86.8806500134607
63.6052374027262 -351.495809195195
64.1789632771583 -104.832136641708
63.7056380412364 254.417096648784
63.9358557703345 200.184250139909
63.7327693481838 -8.25640260447191
63.494102838969 29.2233052555828
63.4645667373927 -0.00723438514611527
63.3606658138278 84.8304490778367
63.5842435163008 150.412043724181
63.2992134240372 -68.3444412819288
63.2065934154015 36.1278619388321
63.7836330632038 43.7296738797509
63.4484283412328 -58.642094772434
64.1133426954102 -253.673863709316
63.6662462689208 -207.321737519665
63.4688213287302 246.179854430753
62.7140546483733 265.650795349635
63.346590349894 24.7561525420138
63.6099066727709 -70.4015804404178
64.084580681129 63.4730249484834
63.2314713569656 176.346496535658
63.7974399381083 75.4847593201623
64.1843593064183 61.9993992140745
63.7054095747909 -35.6383936717965
63.4055338344352 -187.166965282863
63.5903411801658 -77.6088437495672
63.621976012872 271.178578492963
64.3852456318754 -329.544617355297
62.7057448281213 53.4435369363739
63.4099604208712 61.0606309071563
63.576128951022 31.0029551443132
62.8083356451512 160.306269321332
63.9905120569114 113.39261667024
63.5479606979715 39.9140722895554
63.4334493554304 -307.719543473916
63.6163602890446 -281.120132174549
62.9414476020585 347.6183155899
62.215302375453 170.978810511979
63.5084641965049 -89.5062156382945
63.7912011987468 -35.1662513091332
63.830034296509 -26.9337992406013
64.1637544791845 28.8862370074386
63.5320267586837 -134.509087250489
63.2894837107699 -59.3065952504237
63.3305581827426 23.1650446979225
63.0602695814853 -63.0520001135419
63.9251333405434 251.23797108588
63.0112167562446 -23.8177718758346
63.0644594802041 51.6534076187994
64.5139406568928 -169.577686582457
63.9097775051621 -118.263627619616
63.0316870318003 26.6100662343601
64.3009408767292 -203.279445127969
63.9834630011458 -163.253413165208
63.8730154303162 92.0695645538077
63.7903575151717 -59.5998657440722
63.7859557229557 96.2710414929548
64.2133443983764 33.4630312698186
64.8266870555369 -410.924501874032
64.185900087759 -53.3959759412833
64.7106768436397 -192.669842272281
64.0585014167563 -22.5479769394177
63.4771633135738 30.9452931916853
63.4950750715103 238.382330919239
63.9291296810132 -37.4917677754107
64.3309750486975 -124.133272835866
64.1353790482766 -76.1253520865271
64.4428501004763 14.7109920170025
63.6916133505413 -13.5895879937425
64.2080377625956 -42.0130248052156
63.820936148666 -12.4466145835545
63.4317179599273 49.274046967914
63.2810276121691 106.647983322656
63.7739875109021 -35.0065312233249
63.4826797595779 -185.703723806235
63.5058768438159 0.248042174075907
63.3156297754035 -0.911939770855997
64.1807023938677 -144.090551523005
63.3739180137834 -16.4141802101997
63.5060941477446 111.782202403425
63.8351783858642 69.292905256634
64.0675052705862 -104.276051312796
63.6105515636528 80.3587421081041
62.8311558341501 162.871392340911
64.1618685105475 81.8458540881288
63.6074604805855 161.511008199168
63.7994943496399 177.470487603503
63.9814194429533 110.201281461644
64.8775601556112 -101.453907263013
63.2773636085027 45.2820551106002
63.689848324033 -193.291395754436
63.8188781744616 -0.321986223331663
63.9614246873339 72.8668408486629
63.9229114420769 -117.789094456532
64.0511053746423 -292.91645969271
63.1562425505064 -28.113196611893
63.5238182912614 129.240281480107
63.7955335735556 -89.6511271144563
63.8675795068983 128.627332340798
63.1531102683344 268.39520850286
63.1794646545406 39.0158629254607
63.2419779296767 -14.2216450899164
63.8005966554362 132.203998968963
64.3545237570845 -72.6470342780072
64.6915094752252 44.4414949140674
63.3700431937324 241.054135824548
63.7882356246501 -38.5581281283378
63.1372468627739 96.5605119328916
63.6601762461315 71.7114963055586
62.9922750531298 150.953627366014
63.606023480698 -154.305248490157
64.1277743254764 -175.060583275426
63.0895904458313 21.895121363818
63.8900006958166 -2.1799211540244
63.9059012071085 -236.18584565729
64.211207812925 -238.592546721768
63.9556286955683 -133.850639209088
64.1565585011983 -143.909051068603
62.8594660978338 196.694584085883
64.1791107391762 -73.0856257901856
63.583578062047 183.877581804081
64.4123829004501 -246.29645542047
63.1965021686648 -26.7355314415439
63.6426155734102 -32.4436638273001
63.2988072499835 13.8440660345941
64.0926310113993 -93.7806680116646
64.2912294193631 -170.187040845392
62.3454969891613 119.42977666349
63.3915603166871 -121.100213216994
63.7067924575158 -207.083822086345
63.7047863628881 96.7728238889543
63.1083776108004 240.580894145947
63.6028566752773 -4.95163416988104
62.7057292173352 266.015443670325
63.7980096499557 -22.324154718304
63.7782089440924 -60.645274217272
63.435341896701 5.43711677753807
63.5554586207927 193.009686820416
63.5892186794379 -81.5721950625912
63.1294275334861 139.245738505291
63.4890665411872 244.809308853488
63.6433235023493 16.1012342656825
63.2595781339033 -130.055675334212
63.5943130770342 61.9887708497604
63.3948346614425 -99.3544387362352
63.1878716606952 35.5971608797978
62.7981220524025 35.7091720594878
64.0178352625951 -171.637746381588
63.0604191224088 -89.7164056237468
63.9077510830152 -160.83782020087
64.2105002713404 79.0765897073382
64.0457275215088 47.7714279467842
63.6765210167684 -75.1358973170432
64.1998126548756 67.5527276148777
63.8542871616085 -74.1106026031841
63.9498081928825 -71.343431296451
62.9524304968323 219.976059681773
63.3839954888579 115.986397884285
64.0568104663159 -115.434501660075
63.4581830179814 139.358097184046
62.698733773749 176.084626220628
63.1553434637168 89.1476298271937
63.3089847505486 -0.536620791145568
62.9736676194248 -217.673906657994
63.6693403864332 51.8174991820118
63.2504891830982 218.413333057279
63.3981331926756 37.7424095045224
63.7616406141123 -77.3250865569511
63.5785507233721 -9.46036920593239
63.9526758828404 -301.177247779158
63.6486510152657 0.226664515077383
63.8548818733353 54.4110881557249
63.1978191964691 -66.269289931153
63.8015572068539 53.6216917239126
62.9654804957145 99.9168941940141
63.0361475993175 90.1685417669709
63.6078305444886 118.300636714487
64.2069935301292 -47.5551371841844
62.8974502489943 201.756326085387
64.4713239125102 39.466592004629
63.2655030659745 83.1403662429985
63.8895825096451 80.8930194374188
63.4518747952352 -54.7156116775561
63.4997548285607 -15.109039047725
63.130798891492 -194.225072889041
63.1488045109642 48.5430708456843
64.2458050001404 -378.314697643079
63.178974139131 -101.230086326737
63.3196593814966 6.93533781346711
63.5868832244678 131.30242888459
62.7174696567387 171.492782657611
63.5039334267863 -25.9848238807952
63.6159333950624 -43.1627040501532
62.9993958607898 89.3900237503065
63.57847759294 -23.6775049700018
63.396767039855 4.27921657700353
63.203761812475 102.908384820075
62.8767655038219 -7.43500761806709
63.7844937278384 70.146621427545
64.1550303880822 46.4076218064994
63.5955664870007 -147.563893354769
63.1827528024725 42.8141786390004
64.068487923232 -88.9499641557882
62.8425073911292 -46.5291583702206
63.2035679281917 -1.18278705112351
62.9516603714453 332.239537783539
63.4867483055472 203.834691880896
63.4567890119918 7.32210650571425
62.9416317785868 138.588343175307
63.1828751519768 -36.8332982090332
63.3799972301834 -207.528074311124
63.2052584568447 125.339078818833
63.9732473675353 -73.1173221773365
64.1673569685094 -35.6739903868522
63.2476574914968 -19.6982871061936
63.1468696852337 -49.6808859692396
63.6843557451897 -271.630597315693
63.90018962253 -149.080060659659
64.1821753384427 -295.157751654816
63.852161880197 99.5803098474233
63.2775543464049 92.6471742040573
63.2611118542306 -7.27250884949771
63.3020540463614 146.724035824678
64.2729902345839 -205.275967629947
63.5213080689314 2.99517614085304
63.7919407918073 14.1919819235457
62.9591855339564 205.289540855466
63.9328699945605 -178.008300900851
63.774569960998 -140.734482608531
63.9679143106029 133.601704875491
63.1383599791062 22.8833914687545
63.2814908243532 308.892783057826
63.4985836008521 33.806516258397
62.9915383388986 276.303433980658
63.2569274283341 6.31689386441134
63.716768342722 56.0323427654585
64.1175648338608 -114.674636144955
63.5669269065469 192.706335157927
63.3176917538654 -86.8171818864458
63.4805314314497 -82.6499284456596
63.7071959650176 130.334224235593
63.6297473919795 -159.529876124644
63.1734466970926 100.115465204228
62.9630855631846 170.030113112016
64.3235297316784 -102.38312291313
63.6248708126714 -151.673973857406
64.0142772955153 -31.9375345949214
63.5925095400812 185.928387112468
63.8373761708464 -294.193580682894
63.753510751956 110.458565774154
62.7392922322074 158.467039944153
62.9706012221218 178.572254047171
63.4602734369822 -26.0204704294331
62.7905226412079 217.020809931138
63.2819893580598 -131.100284734894
62.7296873929326 -47.5174894534042
62.8405880884916 179.477455751165
63.858289732767 -46.4277000253901
63.7545259704169 -83.4107951484841
63.8467073178351 -252.01362375514
64.0273309829873 -145.593628099432
64.2583599464635 -106.13241861846
63.2580093451804 252.020419518126
64.2962395078682 -106.77455986227
64.0275030492031 -262.709755152293
63.7696810715373 -37.8790140894959
63.5163764745667 135.066479926266
63.1471612851023 194.166410066907
63.6083449133232 39.6422402923679
63.7040553531763 -113.299477677408
62.7852698403924 160.793240856914
63.0286660817108 -95.0589071294475
63.23016221095 120.440873162841
63.8603241081355 115.13700166083
63.4872004824478 133.204562014181
63.2393870300174 -18.9800394502489
63.8109622095986 -174.297139648434
63.3586766944469 -19.3829185225252
63.0254718740416 -118.119882332971
64.4129856316617 -152.795015393805
62.4420073733782 210.49669129994
63.5379346725116 165.419267461188
64.7013848585205 -300.916375205508
63.7440651500686 -183.59564878483
63.7815959146591 -375.913533277307
62.546274705716 186.003789098277
63.7542654065835 16.2323582092575
63.6286046430441 -55.508316481674
63.5354118264313 -89.2754350722039
63.6474797351323 -42.4027809385956
63.4197367610786 -80.4482405311711
63.0197225052241 -57.9719479221871
64.3020630953661 -114.803837467856
63.0707973390352 212.766798347156
63.7470824785522 -146.247559032793
63.7670670962648 -13.4538177325629
63.0225521586859 56.6190955390541
63.3844577867632 69.5123966181639
63.496928188714 -23.1849987015589
63.6339795055385 65.6806504275605
63.1164566930494 -106.227519658805
63.9032215142029 -52.6190148885297
63.550151820507 235.007373671601
63.2648991145204 34.1929015524137
64.4039288365074 -80.6796106627145
62.9716258312024 214.386669893583
63.2691380798056 48.7510366609967
63.7194737844601 123.725871674665
63.2296954236622 149.075513158858
64.0792264179655 -123.046820786078
63.1208242036152 -74.8025412310753
63.8764666763983 -37.304039267508
63.6463682080934 -19.2271288456436
63.990843747107 -243.290476924973
64.6138839685968 -240.517379455558
62.8308298929478 226.608881583565
63.1382845019963 69.8035907564081
63.1985398492637 239.505661826052
63.8730286427851 -168.501878853954
62.9314052701287 -19.6467946172697
63.6686335141028 30.892535725549
63.9647939315467 -127.469322932869
63.5944333924316 -39.188511856282
64.1132566601491 -99.6853313220495
63.8144465571535 -36.2942154547272
63.7582045066565 54.3852682993709
63.0280164285704 78.73970231215
63.7386107004835 -30.7899321075667
63.1103400463318 112.939406234854
63.2819026005068 113.86898974696
63.8695688131782 -40.9622758006357
62.8532674014331 154.063484842903
63.9960926618672 -210.820371175189
62.9916429585079 170.668836061722
63.150564462138 10.7825563399058
62.778015479525 -62.4881859387581
63.5919264077905 -125.310135180644
64.5677030681313 -199.307454279016
63.6092067444037 250.119517125938
63.8525158151805 -56.8526361067709
63.634270696374 145.529307094924
63.7556567152814 -87.7126097476008
63.151783994153 129.03491849763
63.339913308265 81.7646496097345
63.6554541124401 -49.3152424527615
63.3833610791158 143.298706055674
63.4686071070743 -216.019362839551
63.7457181884513 34.9425125063205
62.8023640743307 34.0423973968696
63.8115716354772 165.504187674552
63.6629661313884 124.698148342809
64.0075238865785 18.8151364678813
63.6856443292096 -125.70891753782
63.754245863714 -84.6160093866071
63.844785459507 -126.32942538988
62.7999869536255 241.373719122609
63.5946947930167 73.5249519939656
62.9915529250663 168.992979642087
64.0743242509612 -61.6064751437837
62.2218864802556 232.682937941233
63.488879927393 78.9896794480383
64.4398580429977 -87.0972875454494
63.4649681367415 -139.748700691051
63.8115619956855 -113.195478360332
64.4928288712076 -93.6675739280821
63.5509274805225 104.522421099905
63.1427986698101 169.45053923892
63.5330812125685 86.260989679188
63.474658014071 -34.7827692573526
62.9594982886148 -4.28399652409104
64.1137542277667 -164.958606076804
63.0473773148609 157.290241519299
64.3233691412439 30.145682258459
64.8672535291398 -159.961277592704
63.770475142227 -153.277410663018
64.3714778394966 -169.365308777294
63.9396848741446 96.6534012826727
63.0819958899583 96.0976713402728
62.6388453101398 119.030250460575
62.9341791925917 84.8453369858444
63.536063097836 -78.0373924290633
63.8398667359027 93.0453930107323
63.8853667492939 -170.155750196037
63.1613050482819 178.221033102265
63.552758898336 -183.532204534964
64.055944827318 -37.8040329020461
63.9724247030141 -126.566505132147
63.1683879376923 -59.1605349316118
62.7899890920775 -13.61076490749
63.3745675788196 3.5073407601333
62.750508494911 257.963013717089
63.9268170391267 67.570250073704
63.6905530169723 93.1659892328558
63.0998300984921 82.7235954549849
63.4282598229082 94.9034217417652
63.479904336471 129.064280770801
63.9703383181457 -97.0422691132073
63.3332383220714 -156.09901599436
63.1851211146334 -18.9392724900012
63.4504527792123 6.20395451437638
63.6037228878039 -46.3104461305672
63.6271590314662 212.760749494415
63.9752888827492 -57.3704124179434
62.897168482357 190.112200639335
63.5237047681726 129.395591290549
63.553862118932 234.873874087362
63.6886676967346 67.1658986337954
63.4118816751315 165.739882771757
62.8884460036652 -194.856468822648
63.1172534988904 140.382324935884
63.5273271000804 -174.787261407695
63.519266658131 -14.7626690977933
63.4126896451883 -11.9567240799493
63.3120074444429 -113.832989604677
63.6824516359781 -93.0979638028608
63.1323132317025 -16.0883692453435
63.2272170139063 -190.150445228869
63.7077641962198 5.83455986299222
63.2433492687801 -25.4838805291562
64.0832899552782 -6.03742727731543
63.0013259653455 37.9487585265483
63.3113678624205 -27.0650616268072
63.8221744137069 -31.3649909693379
63.0629381992841 -10.0621573671591
62.9154537050595 -90.087137223898
63.5062726338178 -62.8235199616969
63.4692261836999 6.18117036179608
63.2449775025964 26.8042134817741
64.8943354975656 -132.048060622227
63.5644020699457 195.218284325171
63.6348642206217 40.4231275459285
64.0612749857807 57.2210074238834
64.151929458936 9.34376196610578
63.3747194620754 -20.5125789253919
63.6870528069953 81.2220040199779
62.6674943831926 101.020969289234
63.8342183228133 17.8823853759076
65.0670209053326 -234.90154775149
64.4146031833791 -42.7030579586812
64.1780784576471 -155.123843452087
62.7010893789946 143.791393480623
63.2468038969015 -7.88606769431485
62.7514723068871 188.670994220122
63.5820227819858 -72.6293492620586
64.0720717988559 -48.1774482128963
63.7312124803275 166.268981511451
63.3094920575381 -118.60966166555
62.9765018518311 124.732674025364
64.1244940163862 -72.157667608519
63.2717273236067 105.730611860077
63.2502882930342 127.859031053428
63.5624058407754 -325.880021926992
63.1167148956739 -32.8049890340595
63.6749168919578 -203.08548337614
63.0519685387854 192.441891821726
62.8539436087889 138.403279620066
63.2742338858873 147.25211723697
64.3377009904941 -302.225805328082
64.018347140026 -117.327696635172
63.4423799169991 181.14562631132
64.1753294158378 30.6076750126996
64.6887603065028 -95.4292233243129
63.6823966249764 160.523099408052
63.8512654162798 93.6162645465189
63.9793767001354 3.35767239257294
63.6623713365589 -49.8082275647584
63.610583346813 -23.2338614129822
63.2657222051958 -52.8791465578177
63.3131065184332 89.8466427489912
63.324330676282 74.8143867023501
63.5158528907478 -44.4105030918291
63.9742255515748 -141.655324213476
63.2912444009297 53.6943903899963
63.1340830154977 280.641313058877
63.3114674916428 20.1979714369831
64.050482871794 -138.28587697391
62.7656749412894 82.6280232756643
64.0238340424787 -71.8421729850672
63.9849818484564 -162.435931498581
62.7675029881227 155.489521955751
63.4655608684474 -9.494157317791
64.0558861926723 -129.874771080792
63.1400714379626 8.76218125864342
63.3834977274336 68.0892727948899
62.4027352002701 93.3583972725964
63.8503223697525 -81.6804207848829
64.097672915555 -59.2971835302614
64.1462732807392 -22.4760574199797
63.8488805783094 -81.3443667881802
62.9405753728328 215.589659398889
62.9606916203183 237.34398359513
62.7818129329951 -6.70496697139773
63.36485302664 242.795258499434
64.5912873049809 -45.481190724426
63.9882505776219 -75.6916784456397
63.267610701067 160.138639370972
62.9731953915177 34.6510998497991
63.120174214953 10.7286258466123
63.0066049981203 154.597169082719
64.1515609319817 -104.684431952598
62.8203138248453 78.3056192280962
63.1876222479366 82.6811930045887
62.6605304018969 279.551926970849
64.3772237873061 -190.089025519895
63.403126001182 146.620073345619
64.1906776736776 -165.289549875569
63.6973466267307 2.35318527706785
63.499393467254 -8.34518427193464
62.5362115787958 245.271384168925
63.5126172388802 -20.2092340295791
63.5990802664151 -81.3197802501656
63.7970299080275 -124.231596422414
64.095496051993 -17.1035495155484
63.4706211805547 24.3469190425938
63.8678918319921 108.409330176518
62.9938403841767 59.5529076124821
64.045315452655 -34.5491568317805
63.3926132420385 27.006328633361
64.0742494766328 110.076084369129
63.4594246280036 -130.7750760982
63.5444853663213 15.4648349769107
63.8037664450563 -66.8690511508174
62.7361301152251 -5.10133512781907
63.2024380388099 49.9849991858426
63.9657067998881 -118.373370934322
63.8418429258893 -196.29117419308
63.1265301395891 212.329232019904
63.6744164392707 -67.6395411904843
63.8853496247579 -93.8287807961346
63.9267896281287 83.7850710693033
63.7242923406759 -113.935199527108
64.1471048575872 -73.7080245638501
63.0861756330765 66.8760291975077
63.2434910263646 -85.4450765403581
64.0192539441525 -84.5388464943302
62.4347804376203 381.01974902278
64.9210893813128 -20.5949008752124
62.9088360200954 -71.0178254730938
63.1529551380401 105.904282508128
63.7632342897615 -99.9437100943488
64.0350325244022 -24.1052790981682
63.251387630562 -27.7328405682634
63.1482890022043 -22.913250358545
62.944859973679 -159.670082765482
63.3557534197913 58.6322849116656
64.5012047398697 -295.504917326373
62.7955703388855 220.656027961872
63.7790271454462 -16.2805876323882
63.4978371026524 69.0112604947539
63.942526095316 -239.454925235687
63.634710637365 -221.200540535085
63.5636168181346 -136.909202975888
63.5439716098824 -38.7759498238206
63.527111026286 75.5699825216409
63.1989414927392 5.31935207018101
63.5114968321146 40.9552486808252
63.8104428986643 125.50865044165
63.9727724540754 103.162756344848
63.4565789103366 158.694112419251
63.0994425537074 91.8740656324834
63.2160488430495 -86.6502356453918
62.9704418645407 255.661285842273
64.0595028070682 -53.8501977853593
64.3019808864734 -80.9719770854627
63.2503011088365 157.709789741863
63.3162938542441 -93.8521258161763
63.356046709387 -48.7203236286771
64.4556291858232 -194.718688054741
63.595492126255 77.4207831123039
63.179524661315 -17.7457373557059
63.0059566626675 53.8019815759024
63.6015943101472 -89.7244527070915
62.8946828326806 -58.6997471144236
64.3184338383538 -63.3270229537022
64.1503135046599 -11.7523208851676
63.1457924435339 74.6078981520984
62.8761359231086 28.9178988734885
64.8158169031033 -250.188705087206
64.071687614124 -109.165463109762
63.4814656941652 -99.2983132755809
63.92397392968 -73.602907359569
63.590094018596 -103.162224028446
62.8669843401955 171.506213361259
64.3648452496122 66.3428958854925
63.6102304983282 16.3744571860841
63.8360398086874 -314.52645752964
63.121672252371 3.84989364137109
62.7181534720554 280.389670679836
63.1860385111653 92.8714464264406
62.6812480851034 288.004725511061
64.4327095361041 -96.9265600978717
64.1097017767497 15.2532139182322
62.8993341133569 89.4886257738387
63.5372117629954 -41.9187626943731
64.1020405563817 -117.012523013616
63.2544069599563 237.591369761629
63.4059658917282 40.822746528085
63.2513986133796 25.5839584883349
63.0461730554779 -68.9402001620991
63.9218265401603 28.2754511814149
62.9544226056349 -28.9807416382951
63.8510072397041 -65.165218088409
62.9514246725933 18.8053994798583
63.0409654248712 170.753456857729
64.2223094226378 -111.069844467404
63.7967896847489 -66.2813271279704
62.7987962026145 394.770887808413
64.2975246131781 -69.4931596171683
63.5058035975065 -23.1233667568932
62.7783709752284 198.54378918307
63.7915043879754 -49.4667314574255
63.6221226418072 -58.0999260466174
63.8073476529727 -8.89258262991675
63.8059698905615 -107.060511779613
63.1097898504346 -32.6077915380217
63.523617342059 82.4715288324574
64.5844093801285 -163.194323212333
63.0280601766158 355.356784914942
63.4347315396339 -68.9134423571881
63.4900547462284 -3.28676362310143
63.1108857020664 81.1894758159937
64.5117946433654 -190.750824138714
63.7408072567885 246.161521868483
63.8979186800953 20.6908099529912
63.0635819235405 117.549177021684
63.290932900277 120.321413766051
63.8575765115698 -150.590566305797
63.3747219829324 28.7220278526945
64.0574934807933 -167.189306269184
64.4043887192432 -57.5661730155438
64.3013504859241 39.2217191521371
63.4065945812781 88.6483363204514
63.5781131102647 31.1171105674874
64.3637830167317 -185.19474817458
63.5495026429208 10.6996973601235
63.5388754099671 235.513365148027
64.5155415524258 -72.4864264236375
63.7363844908321 36.5789376987153
63.7967541933831 -93.8812839559886
63.9152057060266 -127.178443900051
63.6324390686972 -79.7440638717068
63.7544189782465 -7.2339063058392
64.0055363709507 -17.5827822274268
63.3106978472847 78.9944134550808
63.8132555930795 90.3060260840155
64.5976665951086 -136.63233506003
63.9475762702986 -107.764562008005
64.7384463446079 18.8858601331829
63.9088167419829 53.2313419825684
63.2493368626658 64.0581012213067
64.0317532867607 -132.085166134808
63.7599877822783 -73.4975028000809
63.3935049681203 -4.53900588141792
63.9679181286447 -90.8763669125114
63.2426959529464 198.637140335709
63.4026729954717 8.3866387601219
61.9708450829769 201.69151633689
63.962447893477 -251.992008226101
63.7994820504116 -34.6071637291278
64.9214232109964 -191.682940647625
63.7568141667039 -89.7469224237346
63.1724112782048 225.268825816012
63.0321697534576 105.09625429308
62.4858935533975 144.058174207238
63.5080912411319 204.413587204695
63.4575184568362 37.5505907165156
62.8596896537183 186.512441144746
63.0132217193618 -74.1883578334461
63.6002179238364 -91.2585092121472
63.328802975913 27.4199515890956
63.7485435329385 70.3406326634095
64.3244874811091 5.70137029007347
64.7580081540017 -255.278945218225
62.7125465093806 105.604166441512
63.6113118706343 -197.800903494307
63.6537867575754 16.2994072418106
62.9565198607568 190.65457429025
64.5599808880656 -212.090305105636
63.3425969808642 13.0431716268692
63.0587691654615 16.7579343285935
63.3319273244766 -188.327893673677
62.6512938306523 -49.9923631024627
64.286947416564 -259.008272374199
63.9211453839269 -79.2921806904821
64.3408880325778 19.5909578463792
63.35004235757 189.26376796395
62.1999169199587 151.472138803068
64.3455850099019 -204.807154666994
63.0625124895746 181.08024559477
64.1440311926961 -119.456300697588
63.92543947739 -120.590016223286
63.3963428690572 72.9213422854442
63.571490911029 -45.5325127854111
64.0208329672121 -366.27823442674
62.7536172072892 65.2837781593572
63.8137330650952 -41.4882044005893
64.0117053917755 -235.464719432025
63.7751697812377 -217.922029396572
64.1171943208348 -180.264115567729
63.0179137352438 112.034665826889
64.0778981526331 -101.629880317458
63.7946667686944 -77.9573999086273
63.8644729017582 -6.27136317716739
63.113363430456 -164.664940986988
63.5044238202811 -48.6492608625837
63.2071371986558 5.72360603933461
63.9079845983972 -155.724428679849
62.6524748055894 313.227898512159
63.3707186325665 8.12873370188514
64.3744930643219 -291.125787989185
63.2061772923001 126.440973624341
63.7650681497045 33.8710754777632
63.4492352267632 101.24431352106
63.0911635064105 -76.5063117324495
62.5899832035296 -14.2453549168208
63.3092870280422 146.501981685345
63.9600188106539 -123.151338776265
63.3640316961045 -100.906948111232
63.2443987996873 -69.783164902598
63.4633059938995 -76.8388589851179
63.2478881109339 36.2101405143108
62.5605317032985 211.58755342708
63.7700210953873 -102.016837073592
63.4434956921858 64.6237839259915
63.2654504079707 -30.6391744570712
63.399362537646 123.067200217596
63.3500120256128 51.7744941802153
63.2217358155795 156.080992471496
63.1809387921215 199.650629487794
62.76928784025 207.763680992794
64.3117067582957 52.597321159865
63.4760828716298 -7.87474710198035
62.8794716201098 -21.1316029492263
63.9071333280095 94.9702479918538
64.3579655467391 -261.586372703233
63.0262493796368 106.182878905102
64.3558489729046 -80.569625322469
63.1402120571519 33.6921466387722
63.3120765874461 -91.990794332692
63.7211018037707 23.965914446651
63.9037352408308 -206.980423625807
62.8050118916406 79.0808209207918
63.822837871665 49.1876001322566
63.2604396308841 135.557933805306
64.0370242208201 60.3438801892578
64.1291558068053 199.155695047139
63.0654686543134 -16.1293908362408
63.1269126043068 -180.431583862377
64.3648725266437 88.9719273242001
64.4327940760868 63.4778358168624
64.2161730515245 -49.4479330988882
63.9071055515981 52.0947219497453
62.6117919503592 18.6786719271031
64.0675658246037 -12.2117064490552
63.8754665421854 -144.139254614882
63.006955652804 47.3470006029289
63.310895961113 58.0870165427883
63.1516433196459 71.2319987275712
62.8174600566446 105.671124709873
63.0816523203733 27.4731995494199
62.8698168081894 88.1360670361002
63.3514824121831 181.266196521408
62.6146931496533 81.4028980323991
63.6446435165474 114.370351078067
63.7205012479843 159.678425298061
62.9486908725323 148.313221756819
63.9442968922584 30.385769268886
64.0715782456677 -52.7352949058885
64.8273488243988 -230.414302907323
63.9679792942117 -28.0656475908813
64.0518078614974 -60.7088885254274
63.5016588679233 -144.556996220268
63.4401851560987 -120.095873910368
63.509176718939 -53.7560088163991
63.4400660563611 35.262292604244
63.3696051686518 254.092646001096
63.7623137276371 50.2922007064374
63.4385805449742 -33.0304466363476
63.5824912231104 -115.611219966235
63.4479834623018 -121.822501226973
63.3847121427081 -89.054329278248
64.3159782262209 -59.3486900313143
63.793199708574 258.057427166203
63.7400505115225 -6.06841574816531
63.6621854696906 -25.4882943825623
63.0954895551659 55.3995335922955
64.7730645729866 -122.557674409813
63.4866833091578 7.31192159711922
63.2818901317369 -7.81646365642298
63.4286915064087 -92.352941137906
62.9693851843682 44.1844517799139
63.7896136175186 -52.1303215716419
63.4965795361567 -126.084191205162
64.0557642330547 -163.059212607383
63.5396409114432 -108.23309014968
63.6738578559224 137.125703670468
63.7574629717527 73.0711949556044
63.1730630564782 187.542481605138
63.2945172599578 242.868762574187
62.6562382950639 313.916515221096
63.7237772072778 -187.898144620713
63.6130321508099 286.200487983121
63.3792946511456 -224.67419505154
63.5846571699297 20.2976901706157
63.6873444456568 -111.219259069058
63.1576730139937 -45.1588103456333
62.9478569500742 -0.241034995496891
63.2278489684413 44.560000334986
62.8682318753205 206.003155666821
63.5578322115203 39.6510626304002
63.4859585423317 -128.033407951729
63.2308039271331 -52.7717639626859
64.0841601677564 -32.9216827216086
64.4332109790254 -153.363272774698
64.180106953214 -39.7197546098991
64.0496558424611 -29.0195698572832
63.3801801790877 143.503872122801
63.6920263737831 115.013407145542
63.9100148379998 -106.469961239505
63.0065927948593 66.4580668258983
64.5966948859675 -283.71302626434
63.8617394274544 -0.44278016002266
64.1045165053764 -182.228127016381
64.4644342760739 -48.0936147576879
62.734500251603 139.527562922548
64.5972735176678 -155.804087310391
63.9773673740577 -171.679729470758
64.0547717253047 -7.79322087522696
63.4125887293474 230.87429799844
63.8421192185479 25.7249824463372
63.2244625805466 71.0150801269843
63.1435406595164 -60.7079629919553
63.7921236086732 -59.6228319357316
63.9369988356208 -182.0569990743
63.4488771386524 -80.6524470615168
63.0961205039927 189.248650003289
63.2912392944194 26.9022165304158
63.8059476488245 255.910746811992
63.6269854826111 -54.833771380315
63.2779137015411 -0.388985826983614
64.2723642517078 -101.214394522218
63.0577145937395 35.0744291549694
63.7507176098683 -69.5744473573636
63.3856498629365 -42.7016414553981
62.9239003454553 66.0186716272875
63.8341387977207 -50.1090506306972
63.2938977400885 -76.5321674308005
64.8073865872687 -199.191949974227
63.5563846542831 99.2137655392492
63.6006052399702 -69.9593878682102
63.3116115844447 -0.348883327181219
63.7786341807319 1.00563117596448
64.2531305766551 133.797148918094
63.1323744719615 266.52553443481
63.4118789871879 17.9199257133255
63.305738545885 -94.8767294130602
63.261953358206 98.8923824024338
63.7710399520858 -114.838951060863
63.6658769158669 -173.15717061633
63.7151341152341 9.34980032883738
64.8671866038234 -85.2824784313815
62.9088308825088 349.404856188057
63.9472545776989 -142.412140007459
62.8952440770385 69.0225569234255
64.1869048038071 -79.3269526539386
63.8483517237822 -21.4670508266557
63.1040038919946 173.025514450397
64.0191166575595 -302.277911741946
63.0901818471498 91.4897089678442
63.074038658839 159.017148639444
63.862281187138 -46.0919089380775
62.6444040776631 -11.5432069887762
63.5405206308405 -5.28842593095319
64.3705269824336 -252.257600043269
64.2297745773495 -87.2566712623422
63.3743561530841 44.715539628337
64.2216161143941 -103.198439505555
63.4699628523217 -150.588113339594
64.0422653719855 -164.963613607567
63.3457138047812 68.8547020957528
63.6802007367309 36.2667370889601
64.6647509746694 -226.116169974476
63.6823112162627 -154.129012903502
63.1424293898028 -14.0508944633252
63.7842524223615 -184.715586609354
63.0384433775508 135.690701013891
63.7444957141444 79.3385911428856
63.4546561762505 -183.897694544426
62.9484974989548 172.078505006482
64.2606784522234 99.3867288034425
63.2064451280042 -53.0019691881922
63.3312898337119 -49.9506212429324
64.4816938036993 -130.803487377847
64.0959336519179 -107.199742629585
63.1511998064972 -211.865816949169
62.5251045516203 224.067060818767
63.1030286780968 -134.234687908075
64.1930211153635 -100.758863026784
63.5580347966687 -5.65799287224391
62.5356526680061 185.245864221033
63.395843955621 175.123345884678
63.9645980103224 168.288800387434
63.1633740167827 322.389184047851
63.8473152151778 21.985445755047
64.1509585600437 38.4355374235291
63.4041927141476 -73.1766065731241
63.4010291421476 132.745485121532
62.7847633825795 96.6247179445694
62.9411456640708 52.3323013627014
63.8194852060734 -2.15672031229564
62.443194507205 317.773334054694
62.7444289284386 -0.858474483069283
63.5584412606728 46.2740400121276
63.0251778033588 131.401791634312
62.9681629771849 -116.027448577083
63.1964171779915 122.730917977459
63.5872507528422 9.29873536464987
63.2475259848802 -137.381958405528
64.1045397032663 3.85647363797735
63.6032180349177 11.522372733555
63.6856597634424 66.4858032873458
64.0576151879785 24.1883810207767
62.7881440695854 -51.7698791200616
63.372084072933 -40.2907955205376
63.6047834152074 -222.358238824221
62.8874674203112 -116.706255754504
63.3995770478061 38.6380497250697
63.5627601684689 -137.744344793575
63.4124694629309 -0.0183599181207573
63.2689208008733 -38.2082958428391
63.7381977978408 -116.366786701964
62.929915544751 151.596048958874
63.7964584821984 64.1736109603051
64.1416754706736 -2.92108601785344
63.0088462976432 -55.2103224839963
63.2174531070865 276.358227713006
63.3639699891274 90.1642237454367
63.8158485850616 3.65911741071773
63.9492600298251 28.4956833376487
62.9984518504142 65.5071341980394
64.1281851579211 8.93094525118179
63.7238919283216 -127.832995010624
63.2538604885875 10.0564421276258
63.9756671077911 -284.958471959245
63.4770101751496 31.210281461241
64.5677375257894 -296.195971570241
63.7450197015464 -11.7680269993749
63.0363288209518 66.4051753240256
64.1810260423941 -47.2056414409172
64.4257841850011 -165.219782567466
63.5322554419117 131.129400122809
63.8196797526643 142.975372315632
63.192398513749 152.801350286977
63.0989733366297 70.5360098946897
62.956478695991 -49.9833149662057
63.5892099897369 2.08021743669767
63.5468876407053 -160.320256498812
64.0192053020555 20.6786293468915
63.3855449413142 -90.0269834469515
63.4379334296817 87.402767714965
62.9276177257387 268.805277956823
63.2893232237761 -6.27702293174772
64.160544088562 -260.602363549304
63.9567281129736 49.2621133986421
64.1919122181703 -120.017947602664
63.915835207261 -63.3796106752072
63.6604326510649 -141.058499280667
62.27936375986 9.89526670146107
63.4280606394466 -134.759622708506
63.2797121738116 165.775129290538
64.0677606783059 -60.3595789032509
63.360068804842 133.824009378482
62.9351664806481 110.244830947385
63.4138983823355 54.0941740112499
63.2741550432623 86.1650316159576
63.3140286022984 -212.866039675752
63.2833040586228 295.45189374594
63.1110877406231 20.2524934399546
62.9699825757235 -27.0422719048358
63.4084253106794 110.60740695449
63.1081678193982 49.749155465693
63.4351412928151 83.7514961737252
63.474894837185 37.1101542147547
63.5819861584396 323.47989715962
63.8875477827029 -60.5003811599991
64.1896136297118 -123.694420674464
62.4773594459777 65.0935858561741
64.1045426399947 -143.044476783969
63.1837039390188 26.6170337399225
63.6987903541227 145.209180495026
63.9994196464378 -45.7871112366986
63.4269554254864 116.07282113554
64.0896784841675 -135.536423723127
64.1306894986808 142.857620957585
62.7928289022274 291.659428246994
64.5252556211259 -158.559743814396
64.2818373181047 -200.941817515603
63.6485449980788 10.5219663985325
63.5769370395331 -64.7276822140479
63.4796142470805 26.4662021794373
63.6621202755025 119.25248766635
63.0536969676093 37.5865604477967
63.3929470167297 -1.39265357053733
63.557572294575 95.7931253325247
62.7608453903156 214.418553548687
62.7516856667816 123.637691921512
63.6085989743625 114.197339979155
63.6876708284921 211.090251490659
63.0687743230466 165.217288630186
63.5765492998016 8.51550682227124
63.3151759512548 24.328559908743
62.722129774804 248.61797239571
63.5823666219357 112.018880487341
63.1899110615934 -106.291056936677
63.6842255599183 -128.535013882488
62.6239891379516 84.6113564081196
63.1892276399033 68.1553606253576
64.3626302502132 -242.226087103148
63.3992064448153 114.794448467384
64.4947969303154 -26.8244385019481
63.9509548193904 -2.67691960280783
63.3756734215209 67.7977838926167
64.2707501669322 -43.1663424087425
63.7677058889713 126.424487918967
64.1684203261948 -137.599850382999
64.0496210032081 -0.290194479610581
63.2962697928006 215.147693711111
64.3281745206671 36.7718570805632
63.365716209033 59.8409681571738
63.999461683208 -30.6134416492874
63.1523480710007 10.7024008046686
63.9261282688377 22.7929596584166
62.5783675005726 182.585017859397
64.795514619053 -73.1441115507944
63.164206607849 151.415632093613
63.9721607247948 -5.44217805547412
64.3862028493411 -182.274570752714
62.8119794651501 207.31144628945
63.7005793408887 117.26307512782
63.2067789256554 41.174506217221
63.3643505194622 144.191427684559
63.6189815337242 50.3865529120012
63.112092334781 243.782093610494
63.8222456908398 -79.245368419639
63.6832506457683 -78.1065096774968
63.7331408512015 36.4448155026847
64.090962686081 -194.960472586917
64.2412704051576 -82.5208959750842
63.2627582858461 -28.8726352683452
63.9381763776171 -168.659657626845
62.4120455376936 302.387674691942
63.1803604785887 -114.401271018869
63.4847078425698 -79.0220214859324
64.2840225066951 -166.178459852084
63.7376686714305 -74.9002624466127
64.0697259004569 -191.824495371529
62.907444766912 195.808255392151
63.2482192093165 144.031898876741
63.3608157157798 -6.00597167565691
63.741987726888 38.1671525439277
63.997586453135 -323.08546899356
63.3648517430772 34.9652100331998
62.4744420521731 47.9891796382598
64.1917750564776 -98.5849966560675
63.1774580045623 140.528080963847
62.9461424372356 56.3911862896655
63.0475004334768 62.4258423287547
63.1723369077851 210.473564078054
62.7027548987527 277.425682805272
63.2003541652241 -58.4020132836329
63.7454974642192 -53.0783483652082
62.9039708835602 105.723555207281
63.7415633618388 10.3037451863867
63.5233106096579 -197.662580060131
64.111902733914 -323.976775626081
62.659094417841 178.399516345092
63.5190697572047 53.7178164759175
64.4729433708196 116.05790864571
62.9238670066648 205.753606044208
63.1873846885358 121.065882733157
64.6403982155503 -73.4009629572134
64.121524080827 75.1926772515797
63.4981836094505 -81.7432614405769
64.2348085155752 19.6105072027584
63.3395038085861 -158.589949042552
63.4055923248206 -33.7412669409353
64.1027410609118 -188.67597701733
63.1362475336534 -18.8789423954389
63.3969823517222 30.1335104243654
63.6946663592055 21.7555177426797
62.83014808136 256.979464720517
63.0005385364153 117.808857530287
62.6237966103089 185.590434956359
64.5497391603096 -13.1596891733316
63.67825520851 -106.528940770918
64.4429602334759 -249.470434023335
63.7211466868894 60.410186678573
63.6958374908213 -34.6278971427614
63.7952284235688 102.807594148874
63.542725331671 31.7474861391176
63.1840789263034 -60.2559553398566
63.45799260831 66.7607702309084
64.302131258958 28.4919390179796
63.3435946985695 -34.5269875912676
63.4044510733897 -34.2100524423809
63.102002415255 -93.384097568531
62.819279038573 170.438474724139
64.590276271222 -40.3946447650128
63.1597704483638 260.201731423768
64.3323907034808 73.1923386142209
63.7717089568882 -41.6978227562487
63.1459466515785 -305.806691255552
63.9143624240753 -32.7237383728695
63.4185503648227 83.6455554321891
63.8778342194903 -245.314852955575
62.9368660204297 168.837344721338
63.6883820268918 -218.415543785132
62.8256221566112 -45.920119406716
62.8113464744878 6.98253752145434
63.6496841760226 -9.12701116250129
64.1819233988997 -255.818425145423
62.3392868307894 177.738122750037
63.3297923681649 11.0916482208905
62.8844901330745 124.484041421038
63.6325125657952 28.7371319155252
64.5978248783725 -393.646496372543
63.3103782980898 -92.9872243252879
63.0786108067083 80.551623963438
63.3781712392334 165.399346118582
63.4330642348778 115.110113054817
63.4157393721115 -57.0853508492714
63.6586262897119 173.704761034447
63.5392433522497 98.611999211135
63.2973572630638 202.444830998221
64.2154340101784 -60.3584274902414
63.1536129733444 -146.751624583677
63.3695452037277 -69.1429061389401
63.3975751519196 -150.529193399606
63.5327136747344 -8.2913528139522
63.888850040406 25.0986651651349
62.436594179072 246.641180897169
63.597422334453 -17.899668011067
63.3237448770275 -26.7659947805816
64.4387757066659 -29.5090448672589
63.367427514782 -105.666760412832
63.1667882484784 187.479030966212
63.0043230340102 88.9192626447583
63.6999118647129 -229.471420034405
63.1786071468814 106.208953379924
63.2288472692049 39.948808456241
63.6819489029433 99.8031460852877
63.7978171607938 49.9910952859699
62.8519287116094 76.9540405271341
63.4427301625504 -92.1821784271613
63.5701166112238 42.124411036503
64.7894957971388 -50.2522024341857
64.0011927885787 -49.9808444282507
62.7165941315122 220.099294658473
64.2466535150304 -242.188968290193
63.9095972880961 -23.8760428737968
63.4857993143743 -66.9760000952129
65.1448496301743 -241.03945407583
63.0635421704145 17.2327868496279
64.1171697816606 67.9639076730164
64.4211385423233 -82.7577707868768
63.8250850453867 -106.137293516076
63.1769076571966 62.384465947418
63.226776079185 138.781339743162
63.6571406447576 -164.306505629319
64.0878566229732 -112.889551617314
63.2099929601418 110.611424128365
63.6464028960042 118.021110535077
63.1481833624769 161.655346380622
63.8576212603096 -34.8453008593884
63.1861788950379 -110.664355891041
62.996181554487 30.9380433441651
64.1513621153584 -18.0985595542535
63.0206267314349 268.33647617371
63.3633332555143 126.250447710438
64.0523640947955 -27.8064586498215
63.2005587979927 94.963498380287
63.8351509551707 -20.2224319939564
63.5379507942202 21.2869824926067
64.3618775552434 -242.09151006265
63.1553364501756 117.736313898171
63.4938098085919 69.8962103690363
63.2203401144409 -7.36285440540181
63.6021528294363 135.270605299456
64.1692607239637 -8.49245924317816
64.2027674475535 39.5100227934001
62.9757170893022 -75.2362170424713
63.199661394137 -46.7811024288282
63.3044106736569 6.15029389746293
64.4590127626805 -231.659872966662
63.9903543595379 -48.9966161735453
62.8209391945709 227.656022375524
63.0459799411267 44.7998817011512
63.2231993647732 -86.5839938515243
63.0679813941809 -28.4196899587238
63.6151321465996 228.040691254263
64.741444764455 15.3999327429422
63.0695375686232 -48.2594252953879
62.9434971797835 39.2766799090275
63.7655844503307 83.8896847812117
63.6521974981113 -143.661872405084
62.7284864604588 190.466097686578
63.4001753451381 -172.79267353716
63.6150040111251 -37.7035460028818
64.3088139394882 3.05033922850703
63.9444184975584 -46.9714303569749
64.2351512813879 1.74651154366003
63.1307987646332 11.3234240090315
63.8852040980924 -8.69729388252668
64.3501898070433 57.0967402644359
63.1518105601139 103.441230492479
63.7625748156996 -38.8151879935878
63.2303370378544 117.452652442019
63.1070488024867 64.0759542658826
63.2958727260396 19.7039957646846
62.7984003107706 182.880198525765
63.6048501865791 39.1626853772901
63.1587684694224 72.0204133920447
64.7982117596259 -231.37883077794
63.3343545183955 76.6437758744374
63.2373335780607 79.0158431110537
63.7232353291767 -94.9881793646729
62.9521459778751 247.813305773008
63.4419983483001 76.5655826690455
63.8549397088923 312.10621626845
63.6812498059549 31.0173611152283
63.1289062686243 -7.16920344307606
64.0186629380528 -57.0751993109132
62.9153606355575 130.932111581573
62.7488660273364 2.42821611122532
62.5018796857019 159.890449297245
64.0474798689792 -275.142639807689
63.0061027352572 132.491925476972
63.3469088801864 183.781549814688
63.2171173275696 272.276362900622
63.6042110528366 -21.93208793296
63.329834037221 282.010052442657
63.4311260717731 -91.4302715726177
63.4412622868887 140.787211433782
64.2374441273142 -93.8764166130451
63.3614193288956 -331.137363819734
62.9465039123656 -22.1037997380145
63.4139397377232 24.9932157533546
62.9803126408157 43.9518864466582
63.0830623717984 57.3213493676261
63.2008950776706 -7.85101488937253
64.1753725799823 -263.809337348428
62.6496863916329 286.660500724544
62.922071182221 -44.8753157211024
62.8250879884177 223.455905129397
62.9989288105033 356.630295383311
63.6229447824952 19.9844099659273
64.1648743827804 -128.932695243452
63.7796475582815 -183.783183715148
63.9279539841812 28.8505362666073
64.1578109369475 -97.714444209092
63.4411630362312 -146.97230610332
63.0518834758973 116.992658684491
63.7793324586675 124.132345695638
62.7306110143758 400.358858803383
63.4400035935424 -54.6751522264605
63.6222040216468 6.03331416888938
63.2919305542242 84.1700640089849
62.9015349335394 40.9465423474509
63.6139370780452 146.31560017929
63.933261152558 85.6565799998902
62.7961911322201 218.103984248578
63.5715413917172 -155.033721971361
62.8599096553906 77.6643557723936
63.4524732016244 -97.7062299743348
63.5245391414974 -76.1142906504161
63.6189098896647 -171.463247009341
63.3966443106608 -40.6830174096376
63.2503828559797 91.072344019887
63.8497602462786 -90.4055632702069
63.5665913824029 44.9460028335181
63.0756679293345 31.781117653547
63.7113368871581 -26.1685291234914
63.1207520162878 120.320242225771
64.1863906711619 40.6820499410817
63.9429033984369 -180.441516854226
63.1185518459291 155.147292531411
62.6954528631857 219.062927450593
63.7876486298569 40.2636765335412
64.2320457375213 -183.092047347932
63.6184278351217 28.3622943525629
63.1775791375458 231.174914989704
63.8239146385491 -101.75732413753
63.5565016762945 -198.51267766486
63.3747865378183 -28.1141010356662
63.4249497770802 -72.1360363323586
63.416523447258 37.3908372773495
63.8605998145777 -126.704518910545
63.5244375100607 -20.06599181057
64.8103872275294 -166.91327227573
63.1018718331245 34.001196683357
64.0431480875828 -153.054820931341
64.3856571426145 -48.4774133487993
63.3778802062917 45.8778179185077
64.0335293441311 -44.3786221492373
64.0685055039594 -151.649657979851
63.4316488833248 -33.7603098054367
63.1525594301906 227.271298620581
63.8825987412518 26.1563236618521
64.1766248534237 -180.840806076863
64.2614871787198 34.500248406148
63.685239934201 -62.2417895616613
64.2347369558533 60.1011690169389
63.4700672324216 67.0363473449023
63.5276822361448 -185.022363728043
63.5263842313925 59.7803236527683
64.2484311819653 -25.6512857126096
63.2803855959744 -14.6657678205367
64.2657630862559 257.620036032029
64.3722979048036 -64.6271260446751
63.6450842357482 52.6291310376014
63.7484664452 37.1913963429778
63.4455816176046 70.6501455951558
63.6449109456735 -18.2570540820593
64.0811282094793 -24.85941754119
63.6347029680528 -167.502406965012
63.392938683841 -120.174909745993
63.6531517212108 -130.468190628653
63.8878514977204 147.255410970567
63.9312278623278 64.8719586685851
63.9710220644164 -119.877630376675
64.5382744374752 -173.813124531124
63.9454275615503 -93.9017601784726
63.6819468960798 30.0803043158812
64.6197058330786 -64.1140684749334
63.3998117028469 93.0219100417056
64.0601685542555 -145.223438313057
63.1221574648249 -41.8553965157724
63.2624605771326 43.2488535950437
64.1343107333088 -190.449978304566
63.030611954194 149.818217983915
63.4465684931052 -11.0680197222946
63.9168610341454 -83.0605766463632
64.1762387615754 -206.980321869189
64.0178373998792 11.3187480610845
63.366621801545 190.525873079482
64.6678147155942 -260.697904055138
63.9489889665404 8.5082947174179
62.8983089173191 -1.12210516896845
63.6186488965911 7.62227161593593
63.3567545842894 -32.2718567736473
63.7984545315779 90.8139750391175
64.1717886472652 -63.4445454009191
63.8114686152522 -64.2040695518925
63.0121891584941 160.52855048657
63.2707330947832 102.965195650164
64.1082243569585 84.0375241894564
64.5222963232631 -263.159103580018
63.9426149168132 110.710867364555
63.8088044283832 48.4057496179397
63.4510532214036 167.573810599595
63.7655124977912 83.7915621423498
63.024875821151 68.3645267141973
63.6647448728147 44.967195229934
63.7711590567075 146.106148912172
63.4519064053674 -49.4302539933548
63.9721168637089 -231.164978386257
62.8740962370554 138.208371271661
63.5932599816529 87.4546919414948
63.5459832866673 -82.2928833720374
63.9530058983815 -68.8161470390768
63.3662039769277 -8.9859419741059
63.082699368324 266.578134105063
63.7541538978657 -21.8305501895969
62.8023600608846 94.7647707442508
63.4434156851797 19.7433607430715
63.1373071873544 188.13954219056
62.8299724924659 51.2902056388662
63.0984999748116 46.0799105789105
63.44008528818 -115.373567695426
63.4752886706599 -85.8730077693835
63.9268698686347 56.9911246790266
62.9038982947094 150.430244684937
63.0111672517381 -83.092268428155
64.4098840036283 -123.420105344987
63.2519002237176 194.769070750283
63.4124237056407 -133.157823553563
63.1261761150087 36.166468204515
63.5639815821158 43.0774381355737
63.2071779039791 184.790939615691
63.0144375908005 236.425818475411
62.4426636288475 172.422644664043
63.811764754697 -143.036641379243
63.6387792965521 75.5067423115199
64.309677859909 -183.53322608935
63.2631966849115 39.5265537350498
63.0922574154085 28.2267631264344
63.7122418648098 220.56390941388
64.5664400038715 -27.6542614203671
64.264308516149 -83.6641566372032
64.2437328761546 149.753918289846
63.4529710048065 -9.66966817565332
63.3505054265636 49.9688706494298
64.1497452253879 -49.1051018300192
63.6478098851359 27.3273526864219
62.9895196634219 172.602876610199
64.041979159302 -74.5952905794279
63.4064481072601 -132.932984615125
63.3902651013954 -185.214067338439
63.8226969448248 -99.2706666000249
64.0995734018441 57.6396712591299
63.4185266347086 -113.403650966705
63.0867527072524 30.2796356804594
63.693934488315 4.07735555178564
63.7448931857482 171.741010739911
62.8801258428502 187.056365234071
63.6365428326957 -261.865926422055
64.2191955945292 -122.353889422435
63.7772349080848 -81.4692469737364
64.2986467205982 -125.72770136459
62.7311545774212 38.358842553797
63.5880072853395 -97.8052912325574
63.5679079777961 100.19206545886
64.073120679998 127.818093574647
63.8168712986916 19.8455110047695
62.8917986327332 114.698205735692
63.2776851075336 -157.082138396825
63.491915537229 133.730813828907
64.0100971995033 33.560654942007
63.1862792929842 231.673873191216
63.1640745303834 321.951671261203
63.5311905231585 45.2188718245343
63.362908224903 96.804998401
64.2200898167968 -193.590093052762
63.5409047075167 -198.188466436268
63.5548557321762 -131.48967835185
62.7876001409411 143.098863801025
62.9971669462675 333.542090052403
63.6143395431684 -19.6863401183973
63.2996129848577 -11.3687304825214
63.3615863095784 145.579155484054
63.7563798791162 254.482010836566
62.8344461759796 24.8232817369947
63.3888608200786 111.475365587567
63.6085979316456 111.560668726392
64.3660293435258 -143.891379800898
63.4294385121764 -97.8141815947097
63.310331229959 8.70485687780917
64.3977105599011 -164.895791362158
63.6121315713018 -2.56953815350767
63.1131787003498 47.8430289289479
63.4003245563005 17.4131638128838
63.6342124378059 -93.453160225537
63.8670237395154 -75.3868551707817
64.034115398462 -367.690271539682
64.0131340058938 93.8049863988063
63.85220008126 -51.1019930990057
63.8204342762347 -29.6493646809414
63.8666075623922 -60.7235878370093
63.6804065942407 -19.7399383616397
63.3670847297085 1.84120528225166
64.3698264181003 -112.785020439237
63.4788295063573 144.562896116235
63.5208338623394 26.6602646193083
62.9363576815726 168.438110689516
63.2049512664473 124.338784947186
64.3770980589075 -126.547862444555
63.4305570250302 85.6953178408454
64.2690102875099 -158.011294320044
63.4574581072701 138.441773428578
63.2052800359593 -102.133624910297
63.22158249553 173.587750004287
64.1428753857929 -82.3645899371368
63.0103100832333 187.966709362554
63.1799810616948 99.0252872986036
64.1654775263133 -33.3836657281988
64.0705874701304 207.674888135009
63.4099274503439 235.504192213681
63.3799916828068 215.518453969984
63.4839683994046 -63.8772377098795
64.7872563216763 -188.844706545018
64.0228180228131 -107.247928003916
64.5205970826763 -107.697383005841
63.1008072180426 -3.34558594279599
63.2587337546682 -2.27797509437826
63.674508409005 -228.27012374495
63.3072405226039 103.252393836985
63.7112751649391 -26.7946327541508
63.6871143658442 40.0634273825822
63.7362726970156 37.8931035868902
63.3626799460947 -75.1750119097106
62.958272013465 56.7425609468741
62.2414779215006 -3.9932569926216
63.1855707202116 136.036119917262
63.2322582397848 115.255346372333
63.77492830841 -21.4511972603664
63.3204640606943 -141.352521978524
63.5196752891078 52.0255429661125
62.9385089790812 95.8329700636463
63.737427101576 -227.140530555279
64.1112776085276 -198.887325217798
63.7015161288097 -76.2616624071772
64.1055995641963 -103.417982325938
64.0710017787422 -101.555792240662
63.3505382425595 -40.634968716408
63.5706629942167 -92.7805261939922
63.5364182131372 178.087379149179
62.5207442884085 210.074335976748
63.2000134824603 25.8161587336659
63.2396644265875 62.3788491814739
63.331886306237 306.357459286031
62.9372487609425 -6.98743148403929
63.6826958758205 89.1867874099024
63.9459390279659 -114.337026238341
64.0271663798042 -21.5595644660224
63.665994193652 172.556558720281
63.7715920189593 -4.05874254979727
63.8021163394852 -37.2061800096483
64.1646972304761 -160.994447041336
64.0452042522388 -53.7122730766609
63.7302121925776 37.8052954224589
64.0116329207426 -39.0124467123737
63.3573722420097 52.3119512432103
63.742108613841 -73.5814830159119
64.1253788098089 -32.5490165285493
64.0614192797775 -329.827427606379
63.4980482343855 94.5591962442467
63.940951578344 -214.919662745497
63.7769991931102 -9.1821364077125
63.9167653431231 -118.717343025582
63.0542908514791 181.217727997289
64.3267395152716 -136.982952958287
64.1630418552278 -62.6565089381331
63.1179967687218 183.710652410902
63.9276122687904 -179.495036356743
64.2602849839013 -90.8604650064253
62.9941664881166 212.069086886927
62.8750957921709 190.452097413092
63.6136482541067 96.1349354934296
63.778861847281 -198.652166453594
64.419878383001 -152.669049582708
63.6318104200862 62.9321993977509
62.3913013770586 277.602500056467
64.0621888827011 -52.0600663643677
64.257518112628 141.210323344296
63.4227825195946 256.826545761445
63.3282515178491 77.5477464870521
64.066267329678 -42.9949502654054
63.6128876280248 239.062069135557
63.177424366224 152.594950994202
64.1815619301716 -43.7827586281108
63.9214128753605 -107.095621784034
63.2518321533725 -58.5135476450879
64.1082910742925 66.155878487466
62.4925432614692 316.748171090281
63.6555058279484 235.55018857515
63.6624173412322 -47.6137840600521
64.0732488147395 91.7490299278389
63.2685865219882 -163.26407372588
63.5337297243593 -35.8240439889418
63.8691899879633 -213.813783253153
62.8832647180385 96.9978453863305
63.6439076474927 -27.172188480209
63.2343399656067 79.6424171957365
63.2720159118538 211.654957853021
64.322112399992 -108.135977894968
64.0603158196806 -119.871034429043
63.4295476960808 24.7662386976623
62.9794759983788 -8.04236034571739
63.9811931220276 72.258683674039
63.9239506958187 -114.963411791862
63.6976575296226 -63.6825012395797
63.877510850939 -175.808172377932
63.9055746657264 -283.553976492021
63.5039736033484 11.0244947960974
62.8622445628742 150.512501594654
63.908480780633 -178.560899018372
63.4807174696218 182.630988823898
63.0672502869346 88.1334587284321
63.6180796463476 139.687027123105
63.662476373125 77.4498560758327
63.1834268925888 247.149425500649
63.9586165685244 -39.0837966244939
62.9126312103046 168.512253333041
64.0028983020319 -147.394356331088
63.9464358387782 -38.2082799644519
63.6021980457747 -13.8029415137621
63.3069969408244 76.1551874188798
64.1438320421839 -150.574509845614
64.0104908280902 -247.906802641369
63.1604024224081 -25.0266424426254
63.2661586869193 -21.1293765815005
62.9774946584942 216.523148664039
63.2461415827173 132.804121969743
64.4660497402869 -221.706781646015
62.3763781537436 277.863258248148
62.81567141915 122.45834328954
63.7076534631098 -95.9173197785926
63.8269553876672 51.6107371964352
63.7457056768518 14.4799090651629
63.7321527076672 -35.7021545869308
63.7824353907328 -7.99356489343798
63.4056511935098 7.13229431542823
64.4761959442414 -50.5597146008282
63.5713977609578 318.339836710707
64.7338052528873 -223.515786372486
64.2466537556143 -130.299248636038
63.6005230344359 150.592035137274
63.2244658186697 -20.9791142039125
64.6190411560518 -134.068642382868
63.0446616737325 64.8581966472245
63.3822127124773 110.043257702962
63.6702258345023 147.920525339293
64.0428875027366 -87.6830818267565
63.3161884699305 72.4947417197647
63.4723362365229 -9.18488299309033
64.1578070051012 72.6911176441904
64.132168819135 -113.672025803923
64.3077967344018 -133.802256981848
63.621133084594 52.2211787218106
63.2003455889847 -10.7710089662557
63.0135312953434 -5.1496065275721
63.6255734075426 -33.775792795269
63.4434649644255 -116.24952850252
63.3892813713447 68.3022466658074
62.7284112952191 45.1318216667073
63.9480700938025 -121.585693305338
63.3790752630582 -87.7899597482601
63.982259665573 4.79348497086471
63.7590260596621 -30.2941476294345
64.0234813019664 -155.183546366392
64.1194935779371 -138.997590578258
64.0693243298994 -147.007464589086
63.1493473297422 56.8453391478959
63.8618860569421 -8.48842573964617
63.9384285184105 90.4521255270546
63.7353327682762 -111.3156539729
63.6182444630916 -60.8565541002305
63.3819851031597 157.997255991021
63.3814021222939 141.765458299043
64.4055743726139 -130.059166207916
63.0715946669502 44.5252839201865
63.8146856107869 -88.9675181936816
64.1199942742617 -125.823052665625
63.300388380024 -43.9253955941795
62.7497604832311 41.0227351401932
63.5251395184592 -87.6578925223408
63.3883116225322 33.4980908918779
64.1476069413986 -64.3311369671117
62.8434443077173 17.4560171288394
63.9803762277639 -87.7223565844258
63.9891401247206 53.6058629553316
63.1807636735637 59.2162898119289
64.6515939221696 -13.692609056372
62.9795181625767 239.457180198899
63.3230588331189 -100.767138579357
63.5622160994937 -73.8129507956546
63.7260474837125 -8.11293044319315
63.6149799963753 246.550803423556
64.3730562904605 -107.357462316985
63.6433390762897 91.5659608110749
63.8123383216488 -123.797587844441
63.4734492490415 -117.574633340701
63.7048233860337 -95.0910757564748
63.9179409103071 96.4825694149378
63.991849366117 74.1236506848164
63.2286232817019 185.274570581946
63.4058964885601 -27.5809612018025
64.2760105769375 -52.7872259797934
62.9309357293173 324.226651007635
63.3693014971666 -410.46516664242
64.0459339591747 4.96482099272439
63.6202282331226 135.382751521654
63.0549595591628 264.661913117271
64.0099869290316 -95.4631755484439
62.9715966008151 32.6938175829163
62.8846326126564 45.6381220141753
63.633840894633 -14.6638621205486
63.5140352610761 -86.2610675974024
63.5288767721195 146.136622651458
62.9929641709874 255.428903234837
63.3064620822923 314.068635515944
63.5164605428771 6.84008012749798
63.0189369979329 161.046945838558
64.1330301678285 -5.75900719019667
63.5542612595222 -207.292113160167
63.5772018049182 -317.848066398003
63.6201313688698 -84.9905919433281
63.8670605491878 -22.2111350699401
63.4006433697691 -137.134470251265
62.9980467999622 53.4673343672684
63.7190644065793 -404.496491708209
63.3284381487059 -148.102777624383
63.5929535949411 -43.6391979526724
63.3563335288603 213.052792568021
63.6421110888961 57.4063012594071
63.4691599540664 84.2671970895653
63.2578498265798 216.976414173017
64.2212125066241 10.7846849677553
63.4982939917058 -12.3929438715383
63.2938971415643 181.158521504433
63.7290817770873 -53.337226517791
63.3389091195269 -68.2549352636887
62.8204577296961 16.4563801868227
63.6700195329549 -105.536886252864
63.6157491669297 -98.8425462173382
63.0677116303552 -8.62237150254815
63.9657356085721 -122.979846253783
63.4656679513121 -1.98422019743771
63.1222762561512 92.4434262339192
63.8652719909187 -161.165526654995
63.4404810787897 123.730946695428
64.1228204230501 52.6225529864897
63.1026836249515 134.73348108649
64.2742314188676 -129.024379915629
64.2486569889092 -233.659818389585
63.0201066297345 -28.3972443046083
64.0602048404004 -123.580851552432
62.879163970017 73.6582213951307
63.6807982645087 123.096463523568
63.3022232729222 -105.719630901224
63.1095448187084 -78.2892198092973
63.1475091149523 46.8157777931855
63.3023304094472 146.586494331537
63.9641194064391 -12.9976566419889
63.8530025483604 -135.039670212755
63.0624272816001 9.66563021093459
64.8112584507697 -344.363189279665
63.6015834455622 102.154178143137
63.473296305249 20.1758676418155
62.9111231470649 144.032703754122
63.6668415883614 123.158163529474
63.2654723128393 -3.313769127298
63.4262130135427 73.8412921358512
63.7430023983996 -242.004472115649
63.653058771716 52.6242990629207
63.6496597586855 -52.1486831173499
64.0586611866031 -63.1341149511405
63.3981175207921 -58.1704729587746
63.7655380977926 196.951653563694
63.8173395387085 -83.4547898930886
63.4710308647244 68.1133730345929
63.3621438879655 19.067065646668
63.0204799310726 87.9645404371699
63.813310992548 -76.7535064262003
63.2331218210187 86.6314181152744
63.3763440754022 -64.0669891756541
63.3178680888625 131.659212974188
62.6223012729948 422.167326344868
63.7622688587907 -108.591189133927
63.4465491438581 129.490615307793
62.6588395524697 19.7626326637129
63.0867428110491 106.593612782171
62.5238291928383 54.7658190263582
63.7010969992437 -80.3064208472266
63.1173973808912 73.0204747340281
63.5219882110867 148.146033896171
63.4540583620728 20.3875547759505
62.9927583081892 -30.6942652420844
64.0272508465094 -158.679213061072
63.3133322621306 59.2653877269679
63.1992755640509 8.52064936049027
64.3279126676305 -152.820057227369
63.0658799071164 69.8251884884847
63.3309511222801 -196.732814922452
63.7459781425304 55.7668571507163
63.5352719101371 28.0067829244824
63.0152718463116 129.663119475388
64.3939048924744 -129.019754753851
63.302793825806 120.026309104053
63.4284516178558 -101.422727640734
63.4249947638893 -63.1386353508359
63.1802414009332 137.010719786497
64.0857083573383 67.4641804616965
63.4094551240203 128.763103461362
63.4256249790019 -107.894088388482
63.5885219531873 -49.7432176369264
63.4329736580616 132.769266819299
63.9915864839171 -246.209876295168
63.8553428682317 146.977690953388
63.4710543429002 157.463478529194
62.815200544678 113.367535521587
63.307905380813 227.489157878003
63.9147239097477 -312.664817132165
63.476124774152 -150.739188913875
63.8243649227745 -18.1014353411957
63.1812064452453 -184.207462245298
63.3349975168618 36.7749901915252
63.2705586152691 -9.65474497290152
63.6019025952661 -45.1374358324731
63.4334250176092 -8.80306732373584
62.9366785498111 81.4605730790378
63.5140125278817 17.9104118595339
63.8927166700429 50.6366160775649
63.1557342130115 202.314741317017
63.3734936370086 71.3050607134452
64.2690110768335 -138.21853596902
64.1440997831172 -12.2818362094168
63.3926096284344 40.5170630175382
64.8646891509394 -322.654540553836
63.1549499927762 130.549287004564
64.5002494701646 -238.001156990906
63.4898573738129 -39.8196643136815
64.3278605849623 -282.849330480502
63.1382003553271 -175.532597350852
63.2437499768675 6.4190576998262
63.5255540339192 161.254046517088
63.865405834973 -40.5330207749588
63.8663307464082 -200.857282612042
62.9942915433096 280.312071261811
63.5995191761699 -83.8374556016025
63.1654835901494 156.74928976359
62.8976148705453 160.967543849375
63.7226664201857 -107.917462394539
63.5004862210508 20.1472597044098
62.9213826904918 197.696724513858
63.8137461170295 98.3227274059
64.0057477813959 -145.295614621938
62.9427553996176 174.772042697763
64.070950239563 -30.7339063925894
63.108016299875 207.222057388551
63.6832486120546 45.2100064555156
62.1443909418055 248.637795748895
62.9431411294852 -137.169635852783
63.4302873583691 -12.5431280820406
61.987712009821 66.592702666412
62.6327737188925 216.357716358217
64.1706439761957 139.336458219587
63.4069050166329 -28.2752426505514
62.7491134540094 337.175173997222
63.872541826331 75.4231607112844
63.048648729995 151.09111541333
63.5287110637093 -150.842853032793
62.8312153303994 26.7606531117049
63.7608831184062 59.8322348674876
62.9211847320338 226.238645805654
63.7236341032561 -71.7380383114812
63.0351568103594 12.4842711933716
63.3947622664536 -202.29627228846
63.5735561628569 -258.397410263142
63.5845543041104 91.1985335158889
62.6847386643875 230.68322734506
63.5498473634742 -77.2003627882537
63.8459054807171 -132.672650774664
64.6423135024227 -251.259950840577
63.3019927281124 144.273151892349
63.1441186817624 86.2303284835297
63.5222744673811 -3.36613358442549
64.1524078511168 -137.350864524841
62.6958459002641 11.0672708069222
63.5704248755588 124.386720700185
64.1107271460606 -23.6318872232894
63.4012079150368 37.5041394698059
63.9466711186568 -153.505583548505
63.9342040332572 -79.5915978310939
63.2190559172139 101.715816268772
62.6425329453887 174.72132858554
63.8181827732333 82.1157837664903
63.2722973695294 -12.3887222980507
63.339903879927 -206.739524039899
62.8356380113267 -54.9331298974055
63.6265627822308 -27.7451680439719
63.6737996452752 148.381960209838
63.3505296233579 122.84482484176
63.5583501713751 13.5485018086259
63.2845169322212 -48.9884050839902
63.9363812523343 -49.405315654818
63.5463821571717 188.57697043699
64.0517482121395 -45.6259354604043
63.3741705569318 -54.7736742016195
63.9007276846404 -216.619859739226
63.5400659814252 17.5350551441885
62.4022315612604 123.630023781003
64.1848090074208 -28.272744087727
62.8250406144553 134.47255505703
63.3611048625864 193.795187040455
63.3692820551982 78.1594147313221
63.7751006666989 -5.29757590316513
63.9374707695893 10.1748837242406
63.6912855496318 -6.22430476558794
63.1818159754756 23.7796400969023
63.6383789851803 -120.631364222063
63.9463540363164 -24.1188489301753
63.3355973552067 -20.094137000964
63.9651826271243 -161.954586176561
63.6428397210797 132.452987264876
63.4621672977563 193.297774159592
63.0999158323544 92.6089592202883
64.217378367914 -246.515337231766
63.9343280937852 -161.192339812849
63.6729140348691 -25.0459438727202
63.9218754037213 35.8764717128212
63.4716514470179 2.7768069652644
64.1929147503882 -108.830830272675
63.2109540412128 44.0270188231343
64.0815612158229 40.0456438220526
64.1159478126302 -102.531429683724
63.2404203969337 -9.09495960074719
61.9081071505066 309.686602024508
63.3889331737052 92.1490284669666
63.1758534133438 -68.5486711708883
64.6712423770765 -210.401157012831
64.0009507529512 -122.736591696483
63.2729521111585 87.4867703096992
63.9971661077928 -7.53296723589545
63.4302745116304 157.068895099201
63.7739307878138 22.3290034596072
63.1572298043794 102.454709713913
62.9462057501416 86.9241046258284
63.7846021534806 -66.1032506209307
63.5946964758706 -21.875342188375
63.0617788027103 227.173716356084
63.3127040119264 -191.717368054141
63.0887788417141 -114.014975284168
63.5522635655828 -165.045656924421
62.9253940502633 107.909651715163
63.7524138852945 -44.4967499672439
63.5802653748295 149.479438478042
64.1320608069497 99.4132705581839
63.9457817036998 -33.0216741116866
63.4508287728799 -71.3317833234988
62.5573980007245 266.092372193619
63.8928123974736 -22.067098417611
63.0577459637101 208.631518451433
63.4808988218033 38.198919938095
64.8592968114652 -98.8387103766946
64.0618032796333 -67.5731552849644
63.5477532575519 -85.9760708108952
63.618124256322 43.5774774043398
63.6231104425235 -210.88105610885
62.6774869618937 161.814670230184
62.9557544341405 232.979102725565
63.0406100736569 104.272091623945
63.5292276775429 -175.157761587926
63.7275534542473 38.2479250980741
64.0045723968798 -18.535120109246
64.5085583520597 -202.664039134683
64.1275595137562 -48.7165845765203
63.1857312283874 80.7507659853666
63.2292703234686 130.852675859893
62.5902455613287 82.6446121268114
63.9334182518047 -41.5788622260665
63.2384743744673 -24.5760611524657
63.5776087279882 51.9288079772062
63.61826866934 -319.724574051329
63.4518387085632 197.531137696788
63.5161864057467 57.7466360950088
63.5930220693831 -121.729736249841
62.991663086608 36.1086033716565
63.3104189317088 213.486396852278
63.2590861902295 123.126814500246
63.6158519406582 -191.625648026981
63.3641817217412 24.8001116581564
64.4883974815123 -19.6845620090791
61.9682995160955 93.0614587969291
63.3542749659446 -154.997362862286
62.7177577708266 -3.33209012686845
63.4399868319324 -250.679951418364
63.3249149365192 -345.984677241951
62.8731483851595 224.808030043766
63.1404445641081 112.879849249655
63.8172689419242 72.6592499246978
63.5776532480295 192.039846922488
63.8035138107339 64.3859133184986
63.4655473400852 -17.0026943817992
64.5762360772557 -327.490467191567
63.4313153299875 52.894344606572
63.3731855360422 4.70044938834602
62.884192077214 159.935119072481
62.7516146326425 153.34864253496
63.4048199877823 198.188032549676
62.7357804275766 118.267313033447
63.9192391569673 7.12016565847982
63.8486317394523 -38.125711792648
63.4712535809496 -59.6899417433561
63.63816483676 28.309715903449
63.6494045596067 -20.4531504652192
63.5022542396313 214.497432020468
63.9245655332411 69.7892645370566
64.0746436012833 -122.801346896238
63.2890036281364 181.860621577535
63.4407659980565 -65.7786891423299
63.6283912202263 129.576889322661
63.6770942306745 -72.5544579403648
64.1063005339129 121.895634151046
63.5970283836652 -9.49548729333168
63.3829877341663 84.7232151358757
63.5932014159692 -42.580790458424
64.2082649318559 -161.143459343793
64.0716218216181 -10.4960069586157
63.2525547021421 17.9182458320799
64.5939717356784 -201.268445421049
64.2672886744189 -145.46005321875
63.5252405558283 16.0636536588656
64.1673381123986 -119.576311131989
64.047298291967 -56.7768699124805
63.8982928419923 58.3230152164434
63.3201801937999 166.366214332362
63.3256866793471 -8.57782417070925
63.8669730534417 -106.918883693576
63.4423636880912 118.677769278736
63.3639616665318 170.382288361099
64.0983102961 146.336117518389
63.5795117403792 86.688845507976
63.141040225998 119.430505555524
63.8267465236537 170.494008390783
62.9881386338673 -17.7542745666136
63.4462717903086 52.1627619148715
62.9921918043423 -99.1930975357366
63.0781778510674 256.831385099528
64.1243803416008 -132.28374875073
63.3660887147335 -76.7445149449986
63.621946239367 -63.5804671063919
63.259075950054 -86.9268669185549
63.4414072893425 -234.491154188004
62.8689289707967 144.444381427832
64.0668949685788 -287.369195961357
64.364832697636 -49.7755158486
62.7461830603472 12.9680705354842
63.6931071497032 -46.2383880097601
64.0594964762133 0.515032330190664
63.8761037460645 135.786305697799
63.4023224383931 193.152880672217
62.9470277339005 99.5046363714706
63.6080042824595 -46.0670805725902
64.0340847781177 32.9132340932446
64.1377269457744 64.9901779950178
64.0818270995953 4.96293907117065
62.8611408164912 263.049340511071
63.4084549140906 145.577308172343
63.6697562321446 30.2624229329974
63.750031877377 -112.766090761162
63.1036178459696 -111.128283361811
63.8397164375063 -40.1388668759197
63.7835488718735 -63.3664639857344
63.5928037198427 28.6715226014612
63.4546859510445 -12.2177626173552
63.9464083343764 -142.977397808044
63.6856442961338 -72.8583492097973
64.0689034043036 99.2647159883884
63.8025406248329 -90.8019950468701
63.4602560692278 -193.910091376834
64.1026647535035 -295.186955820818
62.9602006245897 103.586809951548
63.5692751965783 -102.78854781033
64.5579360277021 -233.500542700365
63.7897557134589 -66.7654976552875
64.096516099541 -9.0191425437365
63.8899600875537 -106.273377552238
62.6740917051723 112.184185927757
62.4712173094221 210.455487423832
63.9065802912458 -214.321967779709
63.8955523902574 52.3255759266136
63.6605411564717 48.3800162353879
63.608680477786 -143.060573588338
63.4100310796588 -13.0471794379021
62.8715652849475 115.329173770001
63.2917150573563 124.253171531823
63.9383915216333 -29.7420561420245
63.6335404152806 -53.5228598719016
63.5615649911792 19.8963171248442
63.2185854694473 -69.3502666613957
62.5724646849829 203.648743334815
63.6768715584696 -199.104747704345
63.5610649310045 -78.9220667833762
63.8541228781283 -267.997860044702
63.5236985563324 0.929661713732208
63.384871539121 49.6103363755081
63.9372932891322 -179.174997844601
63.719553318894 -11.1935349900228
63.6233054250518 205.358105741381
64.0180638775187 120.508810138032
63.8938690633029 -225.621912863941
62.9720166175736 286.680546776862
63.5321797343693 8.36230851154941
63.5220151735359 82.9586536072048
64.4628534905499 -151.182227793278
63.3901073043317 25.8276114677454
63.2062384823574 -76.8274905829718
63.3929804972426 258.52061977223
63.4700667013694 112.266622774527
63.6755095475874 44.5683884761361
63.4487311206475 298.578035924336
64.0071600724814 -260.239568571136
63.8532943274813 -179.489483074722
64.1034695152413 -51.802632305151
64.461499122064 -5.60501961526981
62.8064620140235 214.76201531667
62.9819752648149 182.707887977833
64.0159166743072 -28.5795725216875
64.2625238775175 -282.73667302365
63.4329077922887 -98.4811378057815
63.070160598209 217.13331482289
63.9123946876255 -191.694997445242
63.6965121062163 -62.0750626302932
63.543685328726 93.5863599182328
64.0499830090181 189.74859028343
63.3133035151711 169.866861745506
63.5472143361957 75.7084783965652
62.9290323093939 -89.5252191987442
63.2566968702222 9.91482575812739
62.6933041065006 193.445836293321
63.845371167818 22.3493120227355
63.4629809891582 -43.5859909606021
63.940850229641 202.764427379689
63.8855170230367 73.7021865296301
63.2281490512885 65.7020067159346
64.0181101177337 -147.971539871988
63.3169587748176 138.926551122225
63.5656556729668 -130.742094586568
63.419867864311 169.495690441305
63.8151810203678 201.209309634128
63.1327213477075 161.917641175782
63.246926255373 -177.86157553326
62.1363922496577 276.371286088163
63.9463274358561 -80.9791591330737
63.1022750699955 39.4291506533643
63.4516923431923 -22.9027477617532
63.8590078164768 85.7962485225601
63.1450210385481 150.610402924562
62.8390436070391 -45.3847326482536
62.8778479809379 63.6640472987115
62.5132643443689 200.983728567491
63.6032610843264 -64.6545145333531
63.7005707843442 -111.206583016968
63.7449157979713 -114.739777836855
64.0150626569964 -191.65802935749
63.0845814277928 -118.377145503791
64.4575882907747 -382.433067113866
64.2405311405953 -219.155712223682
64.2377068074413 -65.9538259641545
63.9886942571648 -100.13291490452
63.8853365668304 -181.073924931971
63.8482693005912 -18.1349026321221
63.7697866055491 141.517780887333
63.3507279608542 -36.8043449076416
64.3728264113964 47.1859933787681
62.8542441652894 91.0898002425781
64.0789633543532 40.1892588935751
63.2673933302532 226.283194293066
63.7131307381112 38.6652050009079
63.0276061117727 60.1957024106768
64.1967122012736 -180.946769145559
64.1969462893353 -148.858563036725
63.511793737809 -23.2060414414096
62.9039590258455 18.2740993007968
63.8727905721938 68.9369942261217
63.1386659858446 19.5500021621933
63.0660364420261 -31.7950066042064
63.353039385672 2.11994180136274
62.7316422205542 240.042693498491
63.0256888545402 -155.461395548116
62.1991885788693 287.186533718908
64.1652978228513 -133.197861719098
64.152965051464 -55.7018974869738
63.2001015817343 84.3050935216432
63.9417964948353 -136.927596914931
63.7744674920353 -133.483089480947
63.9088114466247 -10.1351208241047
63.3602938709402 147.145502860635
63.5031793479878 49.2614018700195
63.3733173777614 99.9581871200638
63.3297078850131 -61.4735930515854
63.0858124177951 126.662522051327
63.6327348784396 128.025703734128
63.8002207996952 -95.7477520825278
63.3419961972026 244.180331250703
62.8360539684489 280.572316579736
63.2789314335194 113.353576938314
63.8752527839333 -12.7297223334167
63.8906494925285 -6.83196393589706
63.9327429157472 81.834148129574
63.5715424551806 -103.56575042115
64.0047239373148 64.0253152182028
63.0320743685271 -29.6856567036874
63.4302238350396 -30.2390989663677
63.7430580768481 -0.230352181051832
63.5388450011137 -144.102245177489
63.4962054359091 -82.4938129636923
63.1314432562293 -79.0141008214412
64.2827263645924 -229.905141917451
63.5960489495597 -3.04857399083548
62.8727849947521 23.6977587648386
63.5655686959448 93.9464699728816
63.6841576362652 -144.323853064685
63.5401751818078 302.401884399391
64.3026547976836 -129.57914645024
64.474889695039 -116.024011204622
63.0564038263527 162.534240288253
64.3778411512052 -227.830218874376
64.1116860671731 -110.28553166636
63.1183643377695 103.208903639452
63.9283220630174 19.0691856843292
63.7550333839865 199.477681167724
63.0318417613356 240.304395039674
63.7560858991373 -92.3302336337435
63.8051314946262 -113.8154726816
62.2444549416869 487.660386725592
64.7724296340679 -137.066562333551
64.1736077571538 -91.6518784568759
63.4115980019536 67.3124199636562
62.9016771970643 -70.8102849564047
62.7834449451323 135.274361179888
64.7349975977561 -193.56463296579
63.9019581865402 16.0561712637547
63.8617155410989 -26.2704175933454
63.751650958402 -109.717518644949
63.4567162675474 210.452592418121
63.6942527448643 1.91276058289864
63.5126390709657 174.203279918851
63.0862280992888 127.8819523384
63.3259825546577 93.4212562524159
63.6115313438252 -57.334099897185
63.8442575981656 18.1521154891912
63.8088319424306 -48.3280950016353
63.5727798758122 114.747384769781
63.5199067283028 -81.2814296555568
63.7808192805595 -162.329647926342
64.1971386639192 -62.4941501011751
64.3910009418845 -267.560051217286
63.7799658198429 25.1504399238749
63.3477559163928 48.2111604887592
63.532056107429 -146.097531234831
62.9971708223919 189.321639755236
63.0214658959899 -3.05280823522818
63.2369845300253 -110.33301681177
63.3287129219465 -69.4268132453184
63.4532603486663 -76.6576559799762
63.3960338254891 -37.3282915764892
64.525113627063 -209.962465880372
63.6275714923093 30.9524325862585
64.5231757588775 -127.028105031096
65.3770082531284 -131.399204436383
64.6003885341087 -2.1311656695536
63.3436079360919 106.504929240816
63.7623401558126 -44.6287600573547
63.4894401824801 -30.5188358679674
64.121292500811 15.1798848799104
63.6787445710801 -102.971816921843
63.2069931478088 70.8874357654195
64.8168155246409 -312.601936673831
63.6073709139662 -236.806962152405
63.6300618489142 -91.5281711713508
63.684210757886 -19.4766758859441
64.1518411069442 -85.0736058676292
63.8080861260439 -190.062635206955
63.1505799368363 81.9051350105308
63.8303218144381 -18.3314158424227
63.0437302288714 205.012980715468
64.0268116534455 -20.6349763453992
64.6094122727328 -134.612798045424
62.9963714964753 205.798503162032
63.3594505573951 115.495000639704
63.4959547629202 86.9730293736185
65.3916991340301 -341.419898081065
63.6853154760654 -124.987324009462
63.8089456788768 113.013772783731
63.5804136756631 7.41470025216744
62.3200255549161 202.176794659751
63.4785636957912 33.4832469938366
63.9758731208249 -10.7286606875394
64.0468836017457 -56.7633707260132
64.1323099717953 -62.0775930388895
63.425263089035 107.922354661682
63.624995006229 -120.732694173761
63.727866129283 -68.6749797376918
63.2031151405585 -101.62658227024
63.6550435602837 93.6985790325323
63.3970612010493 240.941425008159
63.7835565006935 -12.8321765482121
63.7015964358855 -213.494146884563
63.3844035623322 11.1005786178476
63.5881547930241 -136.870267715843
63.1756248376396 118.400367640318
63.6949999562814 -89.7807581308875
62.8074563562243 61.4252284679371
64.0645905530867 -175.417735205988
64.321304492656 -20.9496239537278
64.2439798985509 -108.808521678053
63.3183967287903 -14.6698233505966
63.9321209024458 -77.4409674319771
62.5412060611342 114.579808172289
63.4873355351184 -129.892665750534
63.6360763018592 100.907742934576
63.7601934076758 -75.0989004534911
63.2953097927961 -32.5432512953091
63.1923507427329 266.987866181682
62.9709832915009 132.596266325883
63.3993376678016 -5.04380764899232
63.4977841651434 -159.122223840478
63.2923510593558 -43.914873279265
63.3653342255022 25.8778693748718
64.3259268090948 -182.926594630796
63.7795601950604 194.833177577394
63.1502597458646 220.815696076177
64.2856558402531 -193.890871336121
62.9219024064775 44.3888398914476
63.2465424344933 141.695882037702
63.6558022817219 -169.325965656097
63.5903304120994 -201.376242186389
63.4453900341332 -125.798003733566
64.0447431924601 -33.6555093015047
63.5999314490193 -65.0730751516938
63.958440268176 -144.623226733841
63.8552142205183 -201.575176304553
63.1303236514426 61.8858082125038
63.2881137378761 -211.897058601274
63.2032157785527 29.6333387824489
64.4692556008397 -52.8283908682243
63.7627447316809 -184.044544368463
62.7259911356326 191.542685423231
63.5219962075654 -27.3218787863842
63.0253375592285 189.436498513003
63.6207022032021 -47.9520966685193
64.3753519013332 -294.509854113981
63.1423536020903 -174.407493700185
63.8129049857891 -38.7850482276547
63.6532281361281 -100.194464617623
64.9338459479337 -51.3851651795334
64.3036956152629 -122.483752108888
63.9622292198148 12.2085910472533
64.3811495794496 -164.303542172697
62.9172384367298 -22.5257258849434
63.5208517469772 -37.8080431463644
63.66761712965 14.0014826503093
63.4157990570861 106.584725240056
63.6559917821247 8.59782282333404
63.8354033072901 218.63727197182
64.4636552948388 -115.498538198803
63.9706452228563 76.3706407802131
62.8765440467695 119.058057686238
63.5071610599957 -153.44440798099
63.7925593784837 -31.0667543161588
63.9263426823084 -232.323480908769
63.5231110539346 147.476215770097
63.3591132646737 19.8446913659244
63.9470967076069 23.6744848398478
64.2616196598525 -287.513671451199
63.8400993141247 -54.2827051831341
64.0631346672147 86.8660988202378
64.4545498612991 -15.2712608011978
63.8736781951352 -21.1919400629117
64.0547252147822 -145.508533884689
63.5562973032795 -96.4686399647708
63.9594839037769 14.2352384453316
62.9980059206052 158.152448429517
63.5839341399949 -138.746958267613
63.3768160945381 61.480761137947
62.9070280379392 19.4883636645773
63.0806470152503 8.88064764136523
63.8835295297642 72.5504189738042
63.4621973561469 161.209159025113
63.977235537317 -90.8292481873056
64.5666507197251 -143.214814064019
64.5107005107253 -28.3967785101947
64.0645699072731 -141.696526396506
63.4711095062609 161.491661943319
63.8465080658402 -57.6176224924163
63.3742054976957 26.1770051359751
62.8476806906807 187.664923558093
63.6025022803366 -197.010467295083
63.7941231317486 118.734434302027
63.958335589927 -12.8049152418227
63.2412337901694 131.064199770126
63.685283339169 -136.692561848957
64.4288580583156 -73.0958861953373
63.9479357732796 83.4361873517015
63.5771006778086 71.8767188549274
63.4346790080334 -132.255042452708
63.1201587260621 139.462045278031
62.6399246357045 -29.2645256133775
63.0994837880959 -30.8497318419527
64.1995572922835 -18.2058574226451
62.9862011480137 31.4621888488345
63.5556023674169 -103.023605632821
64.2386749729206 -227.885490020305
64.2462756411002 -198.771865149497
62.7366338964365 220.024993664784
63.6224468201072 -48.6315336249759
63.0538403026423 75.3432636418566
62.673000084359 167.83371747297
63.185221831918 136.755001624189
62.989966980894 49.9270841832039
63.3598210262675 -23.5221781244441
63.7990951856595 49.8530616261656
64.5887392330169 -133.024704077665
63.4755093318593 -139.553453176584
63.7091141277458 -34.7573911651155
64.1353947062729 -341.046467986748
63.0729617004152 -92.6311107870068
63.3859403160672 12.4967280809299
63.1323148024275 124.457149976192
63.9864059224156 -46.8197464540179
63.4697707402935 -35.393996668906
63.4321552121856 -112.946500074433
64.0705013009447 37.1467968413985
63.4588076237498 67.3022385167219
63.2153949046346 -90.1191243369902
63.2400405284551 5.448482149238
63.1152196950901 8.0424667744373
63.8002358325205 96.705484362833
63.6787819067035 -179.74784372526
63.6299233898839 -86.3663760998214
63.3131266375125 131.009354109198
62.6487296777974 204.80699049975
63.4741856984229 -127.180579957839
64.1794126584822 -125.707792265256
63.984997137668 9.71640167421592
64.1172594956836 -47.2344205332284
63.4638270898057 46.1461618258518
63.5247691057765 22.1914858243514
63.6169914667386 -87.7787324880144
63.1860245415109 -35.2781955824098
63.9261880252772 -158.387821314317
63.4469720557888 105.854805889973
64.1311637193683 42.7558804029543
63.4852083097401 -48.1500410475484
64.0115883086317 7.31057429958881
63.9463856339001 6.5574656220054
64.6248494680702 -250.799053930757
63.5520289176976 105.132827164385
63.3974281669806 -41.0867602043574
64.3041251108408 -190.340289980545
64.0210493248405 -151.869322213547
63.422485270455 125.403524145498
63.1003536590115 41.8344679586559
63.3864079840206 75.0280852301462
63.9213213356003 -1.74458432263237
62.9154111064326 -7.62012242904084
63.2459870036175 -7.37408021029444
62.6745562661071 -4.4523405252136
64.0331975975079 26.0542017387283
63.8409321051439 -90.8132759688973
63.1802837329627 72.6789138152349
64.2157546712868 -10.9424589251539
63.36766204715 210.96431463448
63.0270498810328 192.04697002823
63.7476154639307 14.9133774680786
63.0061836107027 113.152351608591
63.9341200113897 -66.106581595455
63.1253424937336 214.866500842931
64.0399373414336 102.813861182602
63.3763455048864 160.499711453344
63.7667710262808 -40.6270918020222
63.6344286473676 -95.3175453358012
63.4430392486302 -86.8796059365544
63.508591950213 -15.8172402511443
63.9080298883649 -133.508967248996
63.6013639178853 -105.301871308287
63.7366658023191 -50.8229977655647
63.6632083590607 102.573175185667
63.2372300406044 7.41729432817234
64.3102506764217 -383.283997217604
63.4796120895719 -41.2400251873809
63.7328504603929 -12.0279959175488
63.2551303298321 -85.3003904316151
64.2393286105771 -109.151278912399
63.4978616000943 78.4372428002217
63.8693831056385 91.6980637432079
63.4796873502979 58.7348115792271
63.5878221918831 4.3292189179614
63.9113651096372 -76.5692195512892
63.158194753704 95.1002187795049
64.4048107210966 -37.3678260295169
63.4951343189605 196.138346264747
64.3502386827388 -27.9690066392172
64.1867143993188 -12.000747421032
63.2735067015083 -85.0067352832414
63.7487029315399 88.3111011440844
63.556812086526 36.4936214069236
63.8461783185451 129.128082255169
64.0858029370032 -202.842120766978
64.8918978498458 -215.755989903122
63.0801411180637 124.439834426795
63.6590837951585 135.371811020134
64.2282504027361 -223.057723920091
63.5241588293715 -40.2054109972329
64.6518873163778 -247.835689008193
62.842937505405 117.217589498463
63.4565829852461 53.0081294370085
62.9950267014263 22.2624966672783
63.7102942526998 -55.4278037918013
64.1905688732771 -175.29010001568
63.5827624043802 -245.774047968049
63.0444526940732 119.616925229014
63.0303020925568 16.5972320141843
63.9174920380043 -58.9083325450816
64.24278012437 -324.896589299758
63.6826716881133 111.54531708429
65.1193627751196 -141.069919528794
64.1281654555762 -182.81463241157
63.1210932533398 230.023807651943
62.9177947887479 -101.346416282391
63.7793364539841 104.798993520108
64.4330416604604 -74.282209399478
63.6595973195232 200.667146061839
64.1469864644551 -141.134301886811
63.5083574009649 78.0220323593241
62.7543972238056 103.861630379344
63.7767397689436 -45.7889344438796
63.1656056083388 -88.5374182883289
63.4192123480978 233.199159709861
63.1059331004304 -50.4144799476459
63.9925523682419 -307.060645696604
64.0522230684898 79.7750603661429
63.1043165097438 35.6753376433685
63.130310198204 155.818078327047
64.2625329788553 -207.740716149505
63.7739307470264 68.3247393544898
63.0070834655511 150.214931591171
63.0795536112669 -13.5784334315321
64.2066331305184 -162.686701915495
63.4137622940403 189.354367484506
63.841892565363 -96.3892125089891
64.288274683377 68.8140685376996
63.6806059189669 33.950584683254
63.8969952342012 -100.055241607055
63.5094110629892 25.1794128312325
62.2455302165915 127.770132063107
64.1937716135081 -267.713788791093
63.5459740250246 -66.4625298197305
63.8075899789014 -150.579353443333
62.8870540929865 -219.071439459435
63.7413439094365 -176.594200239648
63.9084286985978 -11.5809567668356
63.2772286761205 261.600705103448
63.5918470003776 -2.36383443208677
63.0695360535828 21.3796719371995
62.5103075134568 183.057605654915
63.3188643224982 63.5115303622598
63.3634729264863 -24.5649022519733
63.4114458060579 140.259267510041
64.0115668305579 9.50398758517405
63.0373261164364 130.979820672729
63.5508499877816 136.413702000064
64.1062326490139 -96.5127010380898
64.3084269775141 -94.6607916488565
63.5004929615382 -221.317991185012
63.9103531905692 -167.378965820138
63.5132424553199 55.0852183270769
62.6777064138478 283.803938709667
63.9396245506283 -140.174346894574
63.1726155118363 -3.58189870904603
64.3769706369077 -24.024932371615
65.1343246332465 -164.116361331349
64.1866603790555 94.6050302008182
63.6514840975596 28.4743774272338
63.0044848342977 218.681440444219
63.5520220098345 -70.7534127630516
63.5360549179878 14.0370871943235
63.0097764628757 18.706492164406
64.4302780197303 3.81772469728545
63.8297761122699 -176.972814287772
63.0867296274508 143.251333414241
63.2935893426477 167.545098274776
64.2729728249196 -0.202648633474486
61.8872711065556 394.368451850443
63.3584281600661 150.270340881075
63.8425137311664 -50.7287469218581
64.0503382407832 -62.0409134143539
63.0483255033628 220.483721523011
64.3355351052655 83.6699367543351
63.4387099726071 119.924946688809
63.4349564463988 126.963691755387
63.2933441142446 -19.370663331163
64.1334599137866 -11.3663018159458
63.2681764992019 135.700109639047
63.313096508155 93.8208150642383
63.2425767945442 -44.5072372333244
63.7641035670626 -62.1180612431901
63.1977310165279 64.4100759942593
64.5824193824201 -196.743649917935
62.6571822039749 19.8359088318773
63.9117442912312 3.07503596806819
63.8122858993666 42.7336262167109
63.2492944591907 227.681842118348
63.6508006073313 -30.1196881800235
63.6954012679645 -30.9174148930461
64.0724996985988 -59.7087631075144
63.5428214928281 -64.5517755390358
63.6268736767843 -64.7078754695918
63.4740648439674 -66.5675907149262
63.6664492561556 -31.8092362975442
63.6078104911481 13.9569239909635
64.2345587067871 -9.14317074412093
62.0933406708793 296.092575014393
62.8322890565127 196.547796130438
64.1431311522441 -107.560905955661
63.5959517326417 -209.23304341607
62.8447278277739 69.2701429844731
63.858163537657 135.125385028816
62.8491116272639 28.8501462078717
63.0726678993294 -35.2097046966631
63.3275174944593 -116.04726250371
62.7687553020136 97.7955371526195
64.2176313689833 -55.7947360855487
63.5050770169103 -111.728533458881
63.7379083132552 -212.641482689146
63.2751415324936 189.587501876988
62.3674659267463 285.21952876172
64.0544759734113 -108.083105986179
63.1773887155289 -18.8714516736997
63.6681851071678 -38.1806079728259
63.1283594272719 158.44104093357
64.0649636899843 -82.6571330319587
63.7071580971704 -96.048861900139
63.7182744279549 -4.9913409626403
62.3796622525317 318.749170404441
63.417830444598 31.6628264762773
63.6021552336875 21.7592646993854
63.3862807840543 96.2112343523532
63.1484880131032 -124.148642580877
63.7551657067638 -25.5164172605223
63.0615236760588 163.059266559598
63.2251465613339 97.5435168066072
63.5513567617503 55.1523731676314
63.5815056270314 -113.630811538973
62.8551302017012 149.861880751775
63.9491942232122 -222.059021577529
64.235052734027 -260.510389859917
63.544587937695 16.5085797533083
63.9621519120237 -129.1782985368
63.25961532806 -65.7796854310435
63.597359204608 -100.189171790143
64.2647835901763 -96.1700517257636
63.101531233904 176.118834261923
63.1262513192081 61.0795980328835
64.3617703274465 -115.993277909806
63.7425566440789 -50.7238902132536
63.8635239867484 -233.886734431978
63.689249867752 -38.0998356577341
62.9155382969744 187.216535814341
63.9592986696574 43.69832938687
63.2671270775786 39.9773444672745
63.7539995740776 -156.106848519639
64.5830397846983 -191.452554203614
64.2867998913935 -102.104693952622
63.8598073808013 45.5751341529869
63.6125947322013 -6.56062160417691
64.0159878912847 -200.384311263533
63.7577899597663 42.3388523293481
63.1108995688091 -74.426356087198
63.5750654084345 116.293406521194
63.4721600145833 1.4463291451353
64.3544947847466 -63.994929817273
63.3280894344158 63.3427822011301
63.3199009958657 31.9616465624448
63.7432765646565 -27.0415952735214
63.226844267483 172.769186840643
64.4889532697406 -218.611393156895
63.256352054852 -218.905823537721
63.6581293569877 119.950141722402
63.099488267419 161.427662552609
63.5891487866709 90.6295217630133
63.5397392453562 -126.091493090914
63.6633166034218 20.9426686171373
63.3048453112259 207.062827068176
62.0907116124241 155.990980681259
63.1684485966467 32.7721933552999
63.504307953818 78.4035177267696
63.6009307938734 226.856381283714
63.2966400236006 -156.356464758235
63.9684987448739 22.4450138668517
63.9709784575926 16.0305875081823
64.0390174027542 50.2129608263535
63.6764528200201 96.8297110002957
63.5962582381416 5.52113884558448
63.9346755234248 57.8093658178188
63.986473481692 -47.6081903689662
63.7870913064557 -50.1946495590002
64.3593765668011 -235.026450982417
63.2914422202683 -55.2626023100007
63.7556556331986 7.57713860551197
64.2542933399342 -206.099214070433
63.7153182442304 -87.4757460898586
63.80514220114 -13.1370840963465
62.9558472081819 -221.894033193519
63.3839763768897 14.3192462224725
64.5114725899887 -152.628016695493
62.7075255572225 -17.1732939755889
63.5920009885397 -71.3935935621461
64.402977304911 -305.824584257834
63.1807781400765 41.6233884582935
63.5661011214468 -167.218484801786
63.1525971697918 141.384265487261
63.197979293487 110.062406682571
63.0559948032931 -69.2108505503508
64.0229753115789 -136.172362476162
62.687538944304 87.3508290043101
63.2798302258947 -62.6308030600233
63.8167669646955 -22.1343343758884
64.2566556009611 -270.653512693193
64.1073084560634 -307.723020451827
63.7204218032242 63.7232074651574
64.2726481028138 -115.771607382812
62.5600032647241 230.116170890684
63.7144369058496 -10.9894951522125
63.9537237126439 -306.916386570377
62.563182461219 238.871441734582
63.1514666924105 -38.4376566017736
63.2367147124797 100.682600005909
63.3916944948972 -191.720023463023
63.0972388512492 38.7252664626599
64.0374539767684 -199.003331454087
62.9881851238737 120.327815842346
63.4764945916138 -96.0399770658389
62.9056637601566 70.6853545794301
63.6523680885014 31.2920775527005
63.791288455814 3.47566631630475
62.480113996996 294.582729686429
63.3382635468149 -70.1590175381147
62.6070755934519 225.773841282272
62.9037153723569 228.258161338157
63.2804686801055 -23.1808335971151
63.1051026510925 143.298772366003
63.2047969160134 -101.593365280069
63.5733606852314 175.606915149199
63.0937442827774 -145.000641600048
63.9832468066019 -261.139614304142
62.8697660054986 143.393343355442
63.5531955880211 307.986626579018
63.4024093731365 33.4174913453926
64.1384758818311 10.8380487543772
63.4523557883016 40.4979158969354
62.9616653949799 150.424027619868
64.4946347516676 -173.222252529535
63.2179807602822 210.63833024381
63.0095248969629 51.5912960799032
63.405632874415 87.1619194080641
64.0037528905082 -205.279534293219
62.9566838574829 36.3199459637691
62.8529293314475 123.030971370122
63.7915725625209 -65.1273849005017
63.0420432637144 247.192889739441
62.1312906771182 446.179221884801
63.1225740645832 36.5368838119327
63.2252346343464 -5.38377950348614
63.2948157106435 79.4379888677509
62.8755119301849 154.851519053572
63.3172150220807 -93.7922131794209
63.4577358058784 -166.889440001398
63.5942786144353 118.428856528212
63.5254214366938 -74.6370590296327
64.2980814706006 60.666626727797
63.5768463898327 271.874315774419
63.5977614551224 -1.11928204671504
63.6161793430977 -119.970310687086
62.8401440956439 71.0174050130937
63.4932588901827 64.4653369581061
63.569884248391 -177.797330469547
62.4921677529297 198.781876334559
63.8829775901854 -55.7489152283914
64.0321190701815 -293.535494093411
64.0620077502793 33.4699276236184
62.8538583814735 51.7900475361828
64.0901761366633 28.0151369103114
64.4207399473053 -97.5488857439436
64.1650175845313 -34.561967832875
63.7586952228316 105.639863328579
63.385952479465 -46.0855875396019
63.7892794877631 -22.8742484942503
63.8690356741623 -68.4519772127344
64.3353774870636 181.044283559606
64.0465403227616 -47.5458402650232
63.9514582859919 -132.205101976146
63.2314921997324 -30.559948366507
62.5813892147966 64.4583984580447
64.1980010907699 -152.69012879274
63.0176072494736 -77.4750079874331
63.1228234129486 -235.466201919092
63.3136783736607 290.02521430671
63.7810161985433 25.0206224245106
63.5592119293494 -146.919115700872
63.5481704325 -132.068639397553
62.9365347998778 111.736902545343
63.1105459381112 137.934980536658
63.1496027018926 143.600518743936
64.2043897837311 -231.897850016734
63.5934222867744 186.64305274354
64.1517462747507 -192.042508080614
63.9698986279438 -111.976186820803
63.3769492108266 -45.7816686976301
63.5142073636122 26.6803357249139
63.0283146923312 73.2833967908564
63.3300193749725 185.888312145516
62.9418545729389 49.9492911945789
63.2073179056126 124.794136152699
64.2155854998393 -229.112980376364
64.0052623761994 -132.57365318836
63.182868685485 153.38903310762
63.7903186151647 -7.87424714361004
62.6082783499493 175.101573842525
63.1054680163023 -32.679185604639
63.3661251414911 -123.994305964231
63.5874748079901 181.493462428448
63.3319403355379 12.1526050645801
64.5464843185313 -7.13355911589725
63.5253209089609 141.667795979895
63.7053507636839 87.0026249201331
63.5040562386436 83.9908813181
63.4813192972859 117.472830122979
63.853461835865 -147.873656897585
63.6556059010767 117.329778485197
63.3019220647127 37.9546385301673
63.2236151147355 160.71933911714
63.1624504975935 82.815729669526
64.0796632388644 -350.333336141458
63.5221311620699 -93.4806363283169
63.5112579388845 54.1980044995789
62.3353165225544 -47.1419757905434
63.0713201146698 122.892436538123
63.7862893617274 -224.188576116192
64.1291656027147 -92.0488108982335
63.0125721560889 371.29811861158
63.9276138558995 -86.6473816251646
63.3413954112682 225.720905028351
64.6411175181316 -303.08611126022
64.4601622127841 -166.21503403334
63.0938811138939 -37.6909057803214
63.9120577269041 -142.601984025799
63.8477408952244 64.432018238844
62.8192594995539 163.246961549302
64.4084480798209 -300.085777923346
63.7658033573884 37.9902624900066
63.2819754935291 -152.692353484219
64.1234905362855 300.984226475045
63.0194125820233 -80.0654992186844
64.123846666972 -74.0505130710936
63.5464916652602 -131.37765730466
63.710880418245 -35.1110771691605
63.226908464273 45.2850715926599
64.167437596396 -154.252989700665
63.7829211892972 -162.890031600256
64.3458792063956 -300.2487849966
63.1012970647791 62.2257632521959
63.8139261187231 -170.984771856508
63.463857828721 -52.1831789072885
63.5530769306647 -222.282588343861
63.0708926380409 14.2713803345214
63.7421570789857 -183.916431502713
63.2540680073553 -26.9067564037042
64.2268258679399 -133.209006968527
62.9389949851474 156.614449023461
64.080716784705 168.818184392274
63.0907646204969 -5.00946456570708
63.4508049948006 -34.402216629485
63.7426512364895 -101.052122373036
63.4949331245645 9.36655142687132
63.5942610486829 146.976774167614
63.7739108023671 184.749068668963
63.6643522608308 48.8068239100494
63.3397195977853 -14.9852593824618
63.5710532962824 -40.0976072201327
64.2810448811195 -83.6906813708965
62.9799665672377 215.200213019879
63.7943932982389 -14.3765332406925
62.7467670177521 86.7615640195123
63.5853798690571 -75.0748411888608
64.2696935281671 -58.8397610373896
64.0238322287042 -70.1345503483022
64.3201422221052 -21.3078263882014
64.3943006367315 -175.316685381798
63.5179030150127 107.393116840114
62.8089737258308 410.016752905751
63.4501899048533 -125.623820460672
63.5614070540348 -87.2633111585023
62.7517255283964 103.152324457785
63.5362220697597 41.5406092392797
64.4577957100501 -235.810221705111
64.3888831663163 -117.597063102423
63.4166373431504 82.0738333957052
62.5035141958818 52.8859156417436
62.4076007920998 73.7959909905484
63.0480231594529 2.6456491209457
63.2265015187398 12.9523949597472
64.6552717548433 -156.207288982308
63.9432822246973 10.00543826862
63.4570117399425 9.74709155826945
63.5245138854288 3.06264825239579
64.3107315835536 0.531482179557203
63.1440379998248 88.3992776697528
64.661508613208 -100.325562094392
63.0008846169121 123.666442378427
63.4686035528948 -179.606603274722
63.1955778825966 -61.5225899999334
63.1718352453993 283.250695036934
63.2817541719568 -19.5020037206928
62.9206741346213 191.116932537637
63.7706142782567 -78.47270113549
63.8992795858219 -30.4087415383022
64.989739550235 -292.445924240056
63.7657529632775 -50.0395287375408
63.3055133641822 390.480011742941
62.9342855772384 95.8381884403717
63.4646522579469 -62.316352402353
63.2823202401916 -104.032145306354
64.3922785854102 -235.092038947
63.7209709574566 -11.56232220511
63.5333439555552 -100.363079401296
63.5131140572309 -130.149591883216
63.463118066931 -13.8321907714939
64.2642314445599 -394.17488672802
64.508736088881 -178.71288949237
63.9998670628759 -20.6079643796251
63.9020646878408 -177.521508221767
63.4865574905671 187.053480616881
64.4230608162701 -108.324440055879
63.9367043578828 -31.1595336837478
63.9244750792612 -87.3213646538527
63.6445999221724 -91.915294875001
64.102437045554 166.081116292027
63.9423319967208 -141.192536444269
64.8815165133705 -154.13474111884
63.7808488203205 3.86838113309296
63.5768201955956 28.6465652965587
64.2931610891986 -220.066433317048
63.1249726735372 204.684970594433
63.3668500009277 79.7661905227954
62.8196876536499 316.760552968826
63.1800382036913 108.810742197521
64.072629869955 -71.4926727188129
64.0116567999563 -222.551368074206
64.0924003795019 0.292598568925081
62.9447580838797 63.4319236220474
63.2339545641505 -29.6332479585346
63.7652212883854 25.4441466150868
63.2897310611519 -162.957411104538
62.68417154947 88.871868060939
63.7075366883742 -265.472905568627
64.588928254409 -161.171556484131
63.4484714076877 141.213809817394
63.5664044403167 65.8501126129746
62.8608086367514 168.927950244168
63.8861655819774 20.1738223783672
63.5066535808528 44.0728894842237
62.9884008471059 178.112423961028
63.0648521265729 216.727696193697
63.4078333050966 68.6292952291877
63.6941222331997 -118.354397741083
63.0684565438418 198.726136133983
64.0491632609289 160.349025057024
63.1984779880748 43.1360373126995
63.8751165181342 -24.2934254873987
63.8674495274502 -55.9518424218447
63.0458591733189 262.82686874331
63.5282985596475 103.279456862801
64.2553196664106 -240.92799559095
64.481494216064 -156.644013527518
64.2898983785502 34.9873817856322
64.3394512082651 -119.344767345726
63.1656924663105 75.1258246755979
62.3256424792831 145.606940304382
62.9666596083203 189.893083579313
62.9912123825258 217.417441281694
63.986693726667 -76.2471012336133
64.0152825233145 -224.235956200375
63.365841354025 32.0824350601123
63.6043806183978 183.371306667661
63.3503148166492 -140.188111426449
62.9308242171124 94.9656844368108
63.7554113098963 -145.010659923868
63.757205105191 -88.7748384570481
63.2188118880997 68.1031700464122
63.3955456751214 262.110824006417
64.2336415713468 -52.6247058474324
63.9827863972312 -113.579051956652
63.6318733479677 -96.3630900230315
63.9066379215788 -1.22521189434961
62.9754429946452 187.06690348217
64.4159010571746 -166.295091747752
62.8218537446 69.005369376357
64.0298243599969 -231.000907997654
63.7160469219332 -266.126506704141
63.0053948383916 1.21449064939573
63.2035316958206 5.90786826123823
63.1469440742104 31.7972039105458
63.5396555371004 -8.19439447191269
63.3170541439117 8.74789569953852
63.6605889702695 -52.7469064991562
63.0965443797087 239.767820506263
62.9154167892286 49.3562663395255
63.6235053244697 -113.211683695585
63.1528952868927 53.3349657687469
63.4438216156949 -79.8795684802791
63.0383439192914 81.3649972507933
64.0770897789962 -180.647260302074
63.122844170234 -9.50847979667011
63.3028004426248 -52.2313722389107
63.6171753287365 -85.1102908062208
64.0467030735046 -66.772183315436
63.671017921048 -136.347009392455
62.8785409221081 55.9552703686185
64.0900354430059 -71.5118559488956
63.6898297147677 31.0055670290696
64.1451267339717 -25.8832366176918
63.2122710298333 528.006292152956
63.94931331601 -102.104825430718
63.1122711088593 72.5404147194501
63.0664520229685 64.7773648071406
63.1755865722942 209.961018880495
64.3281281416079 35.0899332677302
62.9054945314122 205.675330267301
63.6806412610439 -96.1301091051026
62.5790301544011 177.906685069336
64.0577267939878 -32.2204069694552
63.5424271367976 1.47994375134394
63.3769060719711 281.979553478911
62.9483521366285 310.469429013318
64.1859562722972 -168.707069490407
64.1313800017878 -49.8161421148472
62.7738427485554 199.603418909734
64.4390020286036 35.1836689321143
63.8831633538035 -137.225814834602
63.6982268813548 -164.204191171489
63.847157534328 -44.4199682600821
63.1520207317715 -30.0774398327341
63.6303658190487 38.2015584426669
63.3134739174603 11.8927037341771
63.9860892997655 95.4522892918404
64.1888489289362 92.3813802952422
63.6651101054073 33.9458129933309
63.233846000603 -28.0000136967092
63.3391349177808 -34.6601614516118
63.4696095707625 95.8755211916813
62.9666436120016 118.902850096423
63.8154377354507 -100.195273094539
63.2434756660535 223.998961173065
63.721674450016 -167.857691235165
63.4284591129966 -17.5640818889751
64.24857139867 -174.084760657954
63.251192410243 100.583457944639
63.2622225922553 112.783396132685
64.3753813120632 -201.003253352561
63.9523329662842 -70.2547976068594
63.4001285166638 142.452441526649
63.8997759674331 -162.249627731086
64.2748413663565 -32.7032848358612
63.9997288032949 34.8878399997632
63.4776452981323 113.1882913432
63.8836008130304 -128.639840362379
63.5412231125739 120.019950020747
63.4274781463601 24.1800656759994
63.8523193303937 -69.4978156268193
63.0182930225744 38.9877216810627
62.8183724373186 -15.1145062381137
63.6847509148879 57.8380697735178
64.2639364431202 -128.498728006345
63.1817793492736 221.081854787723
64.4430515468367 -274.644492175813
63.2732910542555 -41.3092553784495
65.0600994576507 -328.076300050369
63.1000174901767 -47.7703841169088
64.6112222005566 -105.188845597115
63.669394995004 -41.7374838980875
63.736723183505 -94.0892654401869
64.1085540885601 -180.896856477174
62.4392748839727 190.996055216054
63.4981660583505 55.9923082278079
64.1185915976815 -101.739107149426
64.2190503200143 -324.804124616706
63.4680582846876 50.1005833105616
64.0259083077727 3.62409386097138
63.3360303813136 90.7466691736138
64.0586790531119 -185.467169751693
63.082307088452 16.9997693225376
65.1228909024924 -36.9043570227095
63.5984496818571 74.5466937300272
64.0113501110107 131.067766329786
62.9728653455139 -105.759367410542
63.2943135808507 -71.6217981149417
63.8326228867985 -91.5823881108166
64.4554924857732 -291.207962382327
64.6485882019531 -154.976230008053
62.848689363136 76.693845329547
62.3069441677864 136.796176819326
62.7602679547621 187.705526354682
63.3074692736423 121.331764055479
63.8732634732358 -90.0112900034919
63.9655626249779 73.1079578480317
63.6483544526064 -21.2669236372389
63.4224646760628 174.184880016731
62.6598613773576 142.124870382527
63.6200386518346 -13.4068687931912
64.1960157078187 50.9115582859283
63.6249204792975 25.4580475988107
63.6888449405106 44.0763120399787
63.5158202437559 80.0074529265061
62.999849206846 110.278540155122
63.2338021787295 -64.7119046939964
63.7289180319496 18.3785976969267
63.665780217451 -145.990552118298
63.4665430660401 -6.22470830492567
63.2379245163775 -192.123971751055
62.9685237495943 90.4553690025905
64.5329982136003 -18.2904392450916
64.1345499568619 -134.88331179666
62.9414890183724 106.685791534714
63.8343748358903 91.8192446331632
63.357741502851 -37.8187114724926
63.0373888934784 137.406760186079
63.0473676566489 280.126023706053
63.3086203988665 7.69981236490289
63.3694988963993 115.740795440224
63.1396293001271 116.241709650838
63.2812679923756 19.2247549256883
63.6565910397992 58.8644757483511
62.9053443262532 192.837173592052
62.880855867105 29.3574128168841
63.5841756041231 -205.583069297365
63.5418213421263 -157.295297548836
63.3098879971464 -71.2229702360368
63.7003456861332 82.3477534172894
63.9109500585049 28.3222793681354
64.4041098204672 -94.0417156418872
63.3620776718493 -6.81825437368814
65.0290016288388 -305.47010483741
62.2990158845267 199.591527222882
63.8140064800561 -117.51388517145
63.3153736023784 48.3414385419077
63.6463076710507 -112.350470478693
63.6423711065576 -96.0102942075029
62.9331341634292 134.963309450594
63.901970884995 -170.276415504979
64.4651032802381 -226.082882522255
63.4467774528903 -19.7361221583277
63.9352724876418 -4.39186960553006
63.5521409830693 -180.22908907191
63.6011049292182 5.80118321183055
63.7886364934651 40.3054173563793
63.5011602158189 -122.795568710377
63.1508580110974 -0.242690790949005
63.6339805927478 -49.0317223994513
64.1145712364604 -167.636648714695
63.0394296181652 50.5629881285121
63.5901071398725 7.95727255362578
63.3815484957277 78.6597328261129
63.2390112645475 -104.954280985731
64.0435226752984 -55.7469892335635
63.3122367093595 124.775878902486
64.9069210545902 -62.9986600942933
63.9744188400144 88.6587740936209
62.6366421881618 256.96340122279
63.5136300501286 -26.8243534745095
63.0408769306437 201.342076420861
63.5974908801302 67.2817272184899
63.2255373576954 136.371246333054
63.441302874455 171.238305019572
63.0659074492956 228.375644694005
64.1812964995008 17.6939117451111
63.9584762337078 -80.2956733218106
63.9810080309209 -72.4640057748853
63.6771721957222 -85.0876388976784
64.3829404133154 -316.065230984338
63.3930457156355 11.3601367782934
64.2842503457813 -43.3735734900264
63.7669430381586 190.489844839307
63.6293425137889 -84.5592779218347
63.9301463528774 -16.8796480071343
63.1311365139948 -0.953261586596278
62.3886144305694 129.103221856277
63.7061108361889 -81.8139525850542
62.9004829092408 -79.6485325725069
63.9612609403696 19.6319795612847
63.5193975130774 134.402831904485
63.9879462197333 44.0993783368712
63.5951921088152 -2.04112336943331
62.9830600698035 -101.330406731283
63.3043194548366 61.2716658981879
63.0511595420251 167.078262839416
63.8429416520712 127.763534735843
64.0033325032292 -63.1782760708815
63.4332312793435 67.6336029175988
63.5862518235772 62.2768196344288
63.9766029939808 -137.086255709197
63.043213455366 15.987405810461
63.6901462777424 -92.7153912818386
63.5690782730459 -35.7387074680045
64.5474704759908 -227.860453695039
63.7347996646862 -99.9768561012089
63.90009538969 -124.353026852231
64.4238148010453 68.2885231014259
63.7047573805562 8.971691902174
63.1753041211407 -88.6381523240439
64.2604722934216 -133.90327480766
63.7469875557386 3.44534789203677
62.9371969534894 212.462065731541
63.8140129075666 51.6359081264915
63.6118530691239 279.588154749106
63.5322396411706 -69.7911456925526
63.3763789674343 70.6382636553115
63.2276404822731 -8.76061314905909
62.9510374072678 57.3319004678266
64.0925574503271 -137.069276460564
63.5634280556316 -75.143455294582
63.5604172871675 -49.6570446251765
64.0626508346339 -91.4715379901432
63.3110759253626 98.3820198390742
64.2171143800007 -337.76719655768
63.5247699011209 38.8932161996826
62.9235258088457 144.457750080926
64.3165702807988 -120.220048306556
63.416497751596 145.225350430262
64.3044356428596 -118.711436567791
62.8937833407664 106.30918018201
63.6462529343194 -49.0815127856167
63.9496852111803 85.6748300836247
63.3217186603809 227.363627675205
63.9218705481785 88.9483139261057
64.0868810854166 -79.7113807602946
64.0771047721879 -383.409195457156
64.4397176488488 -194.055089988189
63.3679376134355 -16.240521031977
63.1774662228404 78.3344873404139
63.6819390889964 96.405246793184
64.4397463217257 -203.239270841029
63.8659969348035 -38.1457250705152
63.5196773667955 -105.916640715785
63.6683078958289 79.3246332206453
64.3412079789273 -136.370185958953
63.6267595362059 231.666329810332
64.0234002405259 69.8651674357812
64.0283546544765 56.2667236408049
63.8584819604364 -61.1947270009334
63.5728839406304 191.747093574544
64.1825185366151 6.03556507853732
62.8106482538113 170.396105239399
63.8501408342541 83.9719952478837
63.3072880346985 121.693000001464
63.6495379673741 -110.421963725494
63.9165406674727 191.498613451074
63.8858098417069 -47.9018086051097
62.738360626635 225.727687576646
63.6002419899678 45.1950439468992
62.8888765527933 22.2665465715069
63.344478109979 -200.704198749743
63.7830532686166 -179.688417432023
63.4488449263583 -12.7846606259758
64.1855538866998 20.8778754136881
62.6901745564337 65.9613242301455
63.8161026835922 -56.7691695002023
63.9174185011071 -35.6884427564981
64.3838062524246 -258.434684195451
62.7277644314249 213.481345131012
64.1939697190921 -156.43256101366
63.6468426776214 -88.601429039737
63.272141713248 29.920721513566
63.8349130417616 -106.261550890716
64.1030640700447 -126.937371482785
63.5457638293537 93.0441037385138
63.8881491732965 57.2092624723684
63.6988874672849 -44.5485811864549
63.012133568583 192.183371656971
64.8092680929798 -191.659057084282
62.9038923230591 293.002846246961
64.3184352067416 73.3198890636435
63.2163673538847 -90.614094538287
63.276668907007 72.635169288102
64.251113294129 61.5749731917278
63.5618278241116 31.3075926701855
63.865497833557 -32.7205698673716
63.7543530301791 -172.396624012154
63.4863021536551 -99.4877335103622
63.687477717819 38.8372626304264
62.6793233156138 126.342593050474
63.8839437102265 -71.0418656437513
63.5373616212274 -140.173999353984
63.4093022024387 -82.7016837299146
63.7733576148121 -45.2136339035343
64.1166095847843 68.2975873541308
62.6846099419458 89.7864898555288
63.4980949828868 43.7777898324583
63.9311592806101 -102.133015299232
63.6464210204168 -62.1115040937519
63.2787347500504 -22.6651149143017
64.1865666231457 -142.650892148138
63.8364692185352 114.969003051887
63.6929423199312 -240.737630297764
64.9184154080138 -285.677990786943
63.7091059395229 137.136552888689
62.7826454640617 52.0149130297153
63.6024286411555 94.7942591790429
63.9703168554372 -39.2808003895823
64.3993516590338 -163.5781936033
63.9668443544958 27.3899066045058
62.6142636269471 101.519556844462
63.4009549961648 21.001611404953
63.6268986097128 -223.129470836672
63.395320258026 38.3173136044459
63.0099241789945 123.888312238381
63.3840776323224 14.3069752910033
63.6576253352957 134.319862346389
63.4010466120134 -134.798779491079
63.3082128363018 -42.8758871966701
63.0553556941677 121.263254481624
63.4321309750399 -7.38831544438867
62.9254317257474 -61.8146072822977
63.5669215000203 -23.0820663641356
62.9247908683889 136.935051893597
63.6331692154326 -105.095136592427
64.204661250363 -166.895489011345
64.274699614293 19.5178209728969
64.2933965424907 -14.3745757111707
63.6596471795258 -109.259317335308
64.1959088897698 -214.305506717761
63.1715926594472 42.2620684026114
64.1040909178561 -68.3932619888634
63.7235637972051 -126.039505073858
63.9576665802996 -153.417544168392
62.5783211810219 151.393128925542
63.7336727198713 -6.37959307016743
63.612856165993 14.8642293852383
63.392545693987 164.349835059155
63.1980118953379 32.6237592549055
63.0954214668268 60.5347444765976
64.0150502592013 -211.15768517269
62.9175376390151 230.068455060441
64.4003153731428 -46.3905072347078
63.9390775330089 -60.6887561840334
63.7017299777056 122.836745407157
62.9618172908953 286.619427225199
63.4267567866255 -89.4603776797225
64.4957687277134 -7.13091819681899
64.8076867995088 -205.54749309848
64.0089642693948 -2.80448400316728
63.3176790003841 -28.5655273071513
62.633041410476 126.192757118467
64.5491800183146 -48.5516203033392
63.1806835208221 -61.3012459635126
63.1671551411389 90.1275987634986
63.8830798727076 -84.3453470613986
63.7082971563059 -133.421322992157
63.3318443686271 68.9710561747763
62.9911816642307 59.9484527802078
63.5964594186635 -190.12388540405
63.4899613978174 74.6499715718845
64.4183289350399 -133.533740631172
63.6527973100846 136.955145588703
63.3518328192384 106.686850469233
63.1559433729809 246.316181866624
63.2334398317568 114.247990198074
63.7607309974475 -1.67457258043041
63.2320217405287 103.908071272558
64.0316628863751 -204.682698165204
63.2401339571662 71.0114276227912
62.1253515351552 -50.6615054293291
63.95342706955 19.1873509381609
63.8911908774524 -56.0086924381775
64.6499379256908 -268.222011647543
63.6601801819132 -5.68795723012846
63.5499669394831 -113.951555368408
63.5302184017789 -24.5495509669411
63.362888478402 -97.6069697808015
63.8403602899357 36.9785016045716
62.3770030541624 203.96967394932
63.592128486584 45.8281451651117
63.4328062260724 -61.356646681568
63.2862025802086 -12.2614463999487
63.8220727138753 11.4132627331343
64.2506147517188 -162.16793298877
63.4871747544434 151.700755396886
63.5290988033813 -80.2715380683589
62.865580947452 106.659028094906
63.6579345481352 103.199887805469
63.6131107540064 25.4079867459475
64.2634175695979 -57.2723840883289
63.2734551238027 -138.546171607214
63.1871338128638 -34.2253838301182
64.2701653200633 -113.991112176888
63.6311187001838 103.449604824475
62.8528029234886 227.515691665847
63.316127734438 -83.1364692082579
64.0399030427009 -84.243675659708
63.26839240133 23.5577413599545
63.3144379796797 270.257978180879
63.1076293970011 179.12441727631
63.7780893888548 36.5956462260647
63.048544148383 126.176614061774
63.8270527525465 129.566876720221
62.9688458432889 67.4158764201563
63.750239329778 -127.257843455779
63.5010540215479 89.6355687402205
62.0544248932709 284.030192941686
63.1740313594867 158.591405285205
64.0536851672557 -181.862288265854
62.6083376861016 37.8249031162966
62.9411527339373 7.07908482572884
63.3569543296453 59.1039669199133
62.313907760212 62.8731984784866
64.0459047500587 -253.569367765731
63.6842873557406 41.0127111346469
64.5232712538421 -279.647847159075
63.8092338308026 -6.793375538844
62.9920140783342 116.228788716176
64.7310042016205 124.222944602814
63.7988624348055 -232.669517184968
63.6314542553483 -38.108345022882
63.4382467888814 -77.190058440111
63.6559611832782 33.302885218759
64.3846766693286 -139.611562084042
63.5612992095157 -80.200390214423
63.5519502987675 -43.5844414961843
64.2082790891615 3.95270276296007
63.6427037948084 -63.238920018826
64.3075503118955 -154.105086857972
63.6998796108297 -122.275815492085
62.7805718540375 147.536439054387
63.1180512862663 64.3518295639773
63.8410943907522 -129.400221856115
62.7221058646513 -80.2224450649722
64.2857457321627 -59.959512248875
64.1897427736459 16.3557607664203
63.4707679273772 270.16036699467
63.435037478462 16.6538941258348
63.7582913425665 -97.9633568929926
63.5888051980004 5.19367089689833
63.9804771439684 -66.1640755140547
63.7685710101756 259.952990492693
63.7470604156605 -87.1963881698692
63.2708350832228 42.1713497080476
63.4266845440098 37.3873911721352
63.5715567561131 194.412305462462
63.690511990999 -33.0882096322156
63.551311555879 39.4074781194504
64.3933360587448 -231.308445485811
63.5607611443899 -161.338850102869
62.9075020341619 109.846365370121
64.2892424508271 -92.9295107996714
63.4260273069058 -62.9736073336063
64.3001415681377 -108.806813207255
64.2566675271699 -99.8217930611206
63.7440999730932 14.7885651115846
62.7951246457839 208.084502989679
62.9784256728831 209.030268423803
63.4167393868485 22.7768496551112
63.8592761485179 230.787383770212
63.6571838642939 -75.4658697971691
63.2858133480566 115.859580366639
63.6367797860974 91.0857438201341
63.8632362105782 -88.8524703967043
64.1274132861162 110.639420077208
63.7216963522457 11.4622459133469
63.6882359017343 -97.516980357129
63.4264269024364 285.034400350055
63.2631208214188 12.5794579375369
63.6507373604019 -7.2850132401655
63.4534831602031 168.224119333701
62.7907974044608 -66.4419622160363
63.6542756387748 -53.789761074927
63.5419685578841 46.0200858464936
63.2858258707706 270.208666003875
64.0406697579997 -67.978994799911
63.9498106090773 9.53690816294163
63.7746072878509 -201.808167001567
63.9176550000134 -32.4823486475234
63.9718910046269 -165.922852245797
63.4135495205799 13.6779415747121
63.6131446671427 15.6310606594743
63.6480794021451 -99.4330653013489
63.4874563471815 22.0256200185532
64.1136397143624 -28.6396946024831
64.3068422717891 -108.087985422969
63.0346797565323 -49.5859319673576
63.8380542942819 -232.374034541293
62.9967749615351 -3.00870061407569
63.7651728695928 76.8897450381718
63.5611314902173 -131.735946802026
62.9743463678428 108.137805915472
63.38604149583 57.7808741745947
63.4961684070521 88.4894859094226
63.1234587198474 -59.5124044308106
64.2850162171872 -258.878332428148
63.4799998872731 -93.4236211524153
64.098494726722 -216.321978610797
63.7768164670588 -63.9104424223077
63.8462701267206 -15.0017272365072
64.0488463148139 -236.364225809971
63.2994354083568 -89.2594020802586
64.2366323030143 -108.888428042366
64.0821280874687 -64.3549543420619
63.3709706956979 -103.130856379666
64.3349684430144 4.36843345575472
63.7345593308158 -75.41738359017
63.836102508534 -43.3200642135482
64.0797021897934 7.93015775020974
63.299252997086 266.801803059093
63.4022883290292 -38.4894576561327
62.8796151363355 88.8597697109449
64.0977308765649 -56.6391904115606
63.2068374433341 -32.9421637332554
63.580356921532 -106.18508352634
63.2328121985045 128.323400066829
64.2650822283787 -199.064416869147
64.0612150268317 -193.244681893553
63.4909738719279 83.6637637500866
63.2756106684349 90.7038908686605
62.2277514546387 427.492618612609
63.4487559324697 -193.100341182546
63.3331449936806 148.381227913713
62.991074544979 47.0513244208776
64.034802929241 -162.082270037286
63.6259689548777 45.6943371474727
64.1730192365121 -31.1411559047929
62.7182807921722 124.392897373492
64.1841048275151 -94.974812871569
63.2898017559113 7.43555856812241
63.0840005203928 148.653228460624
63.2761964757261 -31.6497200646211
64.0470749010073 -117.218544884923
63.4271778626403 -71.9878238989676
62.977258526937 -111.366780567636
64.1265113505068 18.0889012758565
63.5724436748771 -100.951347690903
63.5621694859456 -77.6578385811519
63.5250848689481 82.2086812744265
63.8362407002047 -45.9201934515633
63.0323278130255 211.276110309185
63.2155386778159 -92.4085718150496
63.1100946200019 194.434804866125
63.8776385500393 -31.5590599884098
63.8014886426572 53.1330407100338
63.1255265728043 -94.2511715409263
63.6608378174686 -113.542846098504
63.8351168733028 92.4841641478469
63.9592374118509 -132.106754030646
62.7963510655546 78.3276710072655
63.2197749116249 -17.1229647701645
63.6068526746133 -48.2868104392882
63.1802866603689 28.7558135098342
63.5523509120537 27.4872144389305
63.5926062875772 -0.751101363047696
63.7025658883542 126.613610760244
63.6196512827764 16.6017244191879
64.2331648591409 -145.849194608007
63.7075482905225 63.520588694094
63.7121966706562 -27.0354143675283
64.330253636213 -155.005079207675
63.1022463846425 31.8694630341398
63.0836425223567 -30.3146890722687
62.8787961068028 92.4191471285236
64.673046066752 -0.191510948135924
64.3795213943221 -181.361415045406
63.8162346733909 -93.3973367667024
63.3010611581732 -123.62688982148
63.4244668545337 -26.9727857632368
63.1162452052529 9.53816772915061
62.911411158099 14.2050608421302
64.1683318405226 -158.890508291263
63.0075414731864 -133.855927995645
62.8111267331716 196.024973354116
63.5549568667205 57.9939929187828
63.710242794565 -44.8441024717635
63.423572568343 37.3163036504118
63.8970365325609 10.9943407001375
63.3578877583675 75.1188953622299
64.263101740513 -209.045802884574
62.7152446217087 329.969939253823
63.2862782967942 -39.0591590058946
63.6811067096378 53.0722128370903
63.0932625081795 177.72491847489
62.9840655969357 53.8872030987428
63.5288604173429 47.6992265661939
63.6182911023762 85.0800381003388
62.7227467273178 -70.7693812130614
63.3506243006388 178.220717248314
62.8934664213803 207.213797588373
63.8174307352889 43.2088091494306
63.3408892868943 245.165100189225
62.9335699714214 0.538662875781137
63.7848037891412 -193.480110712084
63.5865673808495 -53.761760838848
62.9564729130367 30.4864923016763
63.7155327298587 165.684844958059
63.9438065043422 -74.4005200327664
63.3931287848172 19.3459647464431
63.7802800497599 -257.976281492901
63.5215483302294 20.667442290725
63.2588059748834 31.6142714913869
63.8603880576175 -43.0956742337642
64.3119220655747 -295.720014487326
63.9206133041607 -14.7484885160655
62.6816345361613 334.315612528651
63.7759804879805 -121.340981964686
62.8954853638958 336.162075428952
64.6354167128308 -342.665761490025
63.0653392860355 124.353722275478
62.9209731271297 75.8815240126323
63.6186208582572 36.0613641333654
63.8408398262745 5.57610152180629
63.664144624164 209.815807714291
62.5516707559595 99.6294876853999
64.3801248317898 -169.837256769512
64.2605576829014 -28.4469073977119
64.0347247875756 3.31861207662959
64.2544031789411 -166.29595716062
64.1184329061902 -56.2586413211257
63.8070690915194 -130.452147711743
63.1583514427746 128.465743641888
63.808551125811 69.0009171448998
63.6582843839664 9.94270030669745
64.3276924349125 -97.3576668070887
64.3096752454418 -84.0179065924904
65.1038348294834 -125.831917529343
63.3528202638601 206.626836523128
63.5511745085528 213.257507882018
63.4203865358121 83.3947442369968
63.3509328917195 2.93342574250437
63.6076524743816 -71.1507464962496
63.0825502343661 110.085890805956
63.6544824963026 -37.9272581607346
63.8153518756375 -20.1193299891436
62.9458344247301 49.7974456481171
63.1221111003224 -139.835954935233
63.9513808738595 -119.830458170167
64.1874873868102 48.1639405908697
63.7435046621065 -24.2322354792975
63.0031004126563 121.95932662078
64.3301519798049 -144.889408241882
64.2108420483812 -221.345427327574
63.4473304062831 -21.6482543718711
64.0727179233454 -221.525053955669
63.073996206217 68.3512636527756
64.5553887708064 -366.666981262741
63.4043808702899 -139.16633023537
63.8464802619443 -116.88525408975
63.7269176546803 -32.5603046132916
63.5320624397625 30.0485570776251
63.5750753506145 126.497258627579
63.1232380428461 229.179175432691
63.6641839110101 149.654103768956
64.1631931478719 -141.809594868497
63.5433516836771 79.8952333023892
63.22742448385 -71.6824545058177
64.4732727504478 -141.109674536761
63.5254543024085 -41.6417333198878
64.2511164594304 -17.8077678025527
63.4169814015977 -155.371869956852
63.1802916224415 184.532765834303
62.8420270805813 65.0050810388751
64.5336262916891 -56.2178583864513
62.9033540629074 88.9146855538744
63.9091096502091 -38.6334159708525
63.8034094004469 -45.4999383291986
63.5496977977045 -23.0781386567212
63.827106686474 131.614190769738
62.7639778483399 204.068984823927
63.1471035591241 -118.649627096057
64.5612312422106 23.4285929900838
63.507127231979 315.803730448781
62.9456283648306 90.7220653432979
63.5056141190934 47.0852521720225
63.4944585506369 -224.326463521706
63.7298410139225 11.9399084938388
62.8277768575953 207.790229072683
63.3869510170219 158.01953297397
63.1231846122755 -41.1795473749483
63.4571200653804 -96.9376498823286
63.4015853061471 -14.910713331142
63.3654144505631 112.265956823695
64.4700127160699 -318.491550422426
63.3901160288516 79.5929927139793
63.4595128022803 131.837676965995
62.8969558062381 47.3366358452817
63.8492528440843 -121.501617317127
63.5164407284903 -85.3663646017905
63.2287282786661 16.4005303767566
63.280192555978 -94.7197180033928
63.5637370089593 9.32177486410335
64.0745994350493 20.9626214658861
62.8028552804207 121.672213446237
63.175762590959 -116.886476294284
63.4751857624556 -48.5296638908632
63.0394469499866 -130.36260392725
63.3396401424599 99.4116410078404
64.5511055694852 -257.162777339861
62.4323714393076 175.987227916773
63.5797796352875 118.131043103495
64.183389893433 -243.565148522354
62.7790260721528 122.074625543436
63.9395216719127 6.37614920238309
64.1705217323494 -61.9782474780348
63.0173501077459 132.866485066499
62.7790220765834 165.561653863144
63.6472131052603 56.9493370152476
62.8566738804736 -44.9975799698724
63.6622896103097 -160.470728464113
64.0749911809119 34.1759601154376
63.8749425662481 -202.122288550691
63.2112467843215 111.78231079484
64.3833858356042 -74.7455862568114
63.4459373115385 -66.2711948482678
63.2566405801807 31.2435105315127
63.5753672991166 19.1077880008984
63.8189169733618 44.4072293839442
63.2199861033759 93.9297505401541
62.7521733654027 187.414666988506
64.4097172916335 -458.57089898219
63.9813108877742 -159.996049076609
64.3818881991571 -41.0306095918178
62.7726305619088 118.851266539454
64.1151816418351 -24.1088155791804
64.2860702092711 -26.7666984550611
63.4568065696971 41.3004542162545
63.5702227251954 194.461564018149
62.605994602986 235.82588457096
64.0179968485437 -115.647557032414
62.6629112005384 148.6780624217
63.6505716534486 15.4298165770201
63.6391045011931 -102.485782097032
63.0093232146478 -35.7104913460295
63.3475477376916 85.1400223274387
64.6305685247506 -33.0665377785462
62.7320727381139 171.473295388996
62.985991933207 -8.61491701285142
64.1363587665491 -167.500625012176
63.2947197556435 7.96173443505871
64.1810230800354 -24.2892900692264
63.4385397925072 -94.0915349910258
64.0233328666028 -95.0491772866174
63.5008076508314 152.171379281222
64.1160530247416 100.676395251575
63.6949207310048 10.8535830642773
63.477346806344 -187.793885200002
63.4341383617673 -34.4223530446977
63.2259473152152 92.4284273155958
64.0208987195253 -13.240111243224
62.9953082858147 -0.40230882784315
63.9531399857399 -48.6923998328001
63.6539937826781 8.90369173344779
62.4869368836011 194.623095809105
63.5492331695092 141.974963243154
63.4961731241212 -65.1632422983666
63.3263758421018 134.679119771555
63.543844383514 -51.2898751374653
64.0625992030981 -218.847335193731
63.231229844907 -93.7897635332165
64.3748539703416 -146.332647636412
63.5394219597002 196.731961033061
63.7888745841934 91.4949959172344
64.0135260332046 -111.114945893006
63.9287710690999 -50.4717676880828
62.8028107104577 89.2239769929322
63.46377213419 -2.29554383580536
64.4396618062951 -80.5138089768315
62.6784751113627 208.16020219825
63.6740634543825 -59.9743493298732
63.5668691967236 67.5830115510796
64.1024294962623 -19.4305331888801
64.5649128112696 1.48411432838051
63.6159204015383 103.098036130344
64.1177206727348 73.0698206230906
63.5576492480733 -53.382435767641
64.7586874986374 -5.52341862558982
62.9686660504156 126.308188391542
63.5964410451831 -28.4420504434158
63.6486337564355 7.52211919834555
64.0329144690451 -73.935076505372
63.471531147753 110.923019782129
62.7636448602904 59.354217691922
63.9566132326388 -66.0320469727334
63.3673235266879 -114.812818776383
63.7837275090468 -142.378646242033
63.1078088435725 -62.0154792366698
63.4254502854152 -223.800882706539
62.9768996115891 388.809797212403
63.045620926654 -27.348625468647
62.8693801062001 -49.7485768172513
63.5288917062511 75.7631450329159
64.4769616367684 -155.459065375073
63.0043576775937 115.6436675917
63.2193183157365 85.149988624722
62.7041354852167 24.676086014803
63.923872263307 -59.3714429096163
62.8598732935024 67.6140687312336
63.6512932176206 -206.985933597937
62.5495669646555 138.66847593302
64.0301481065697 -36.4706965189078
63.5681621049846 -250.402671811638
63.8703431027292 -73.5457684138427
63.7219976158138 -67.8989085073535
63.6061231072369 17.2630417760214
63.3321788206191 128.822757666724
63.7090368125593 -96.9958941543498
63.3102258565006 253.729774829498
64.2804019806755 -299.10250767712
62.7642153745025 21.5819656086607
63.1597505581326 -77.7446356792542
63.9948457270538 -154.356289525863
63.6532009095476 48.0366411724553
64.0296514080339 -19.3135557184301
63.3101785373932 -12.2169312783332
63.3987830821705 -133.287289607543
63.1051219322197 133.214358751746
63.8355602851115 50.8180742795748
63.4299272738966 94.8143672867326
64.6213461189385 3.91148402068552
63.6879356549432 45.0616484096929
63.4525828176081 108.152155087142
62.6561730974846 77.0587381474517
64.0490646035826 12.4228577384205
64.1186284030869 -227.972611973715
63.1093345779334 137.01827921894
63.7843287994152 -161.960471102631
62.9249409158431 174.810718557251
63.5042635670027 38.5707320088151
63.7484472045712 60.2211846197013
63.7231719778527 150.797526641553
63.0345509377833 99.6023110846238
63.9490568544363 -46.3164929977397
64.0726190033338 -5.30677983582803
63.8260719459833 2.01295018619827
63.225448008346 -4.39842860200234
63.6771647616064 -66.9216308000988
62.7535661340593 15.2498191041282
64.2283565884671 -177.347015085053
63.6184940169746 15.7088913800012
64.072592876402 -131.037569256954
64.0815589587913 -94.8990452108826
62.6580452237061 262.270755355138
63.1811973011214 63.6865845308034
63.4884655238229 -106.586394287436
62.8426809670659 -0.26784075770138
64.1678421481091 -115.447106149725
63.0684773503797 122.283768521288
63.8017463858671 -8.4396217487769
63.449749239509 123.183947139987
63.7204660037876 -107.240181440153
63.8766612561887 35.9825342143089
64.3214391996254 -126.407192682912
63.5242564769686 18.4694006951141
63.6478349996447 -151.576757388108
64.4305265597614 -125.783171648237
64.605775550327 -281.167891577048
63.9726269052535 -202.66363631637
63.4393463777776 119.504769507233
63.3789918871213 134.578427781648
64.063088605909 146.56876400322
63.7247805719935 232.854514784191
63.2076286616577 177.875079299625
64.2987522579193 -95.322324145009
62.4150789329342 372.833488935418
63.3989739353621 36.4274953716365
63.498461772672 14.2429899509231
62.7310243292917 8.15446624188544
63.7578450222678 -61.4888895828932
64.4887529045102 -139.095564004158
63.9570375114767 22.6991724549959
63.8143265258125 59.1935190602903
63.6148012391058 -100.786867200985
63.5732802093553 -83.9215265583061
62.3909354094207 313.982919838766
63.0316056411418 71.9402236527799
63.7701927092509 19.6964510140697
64.0894962836215 -262.731996403595
64.2897506330231 -63.3041604660285
64.6339694487488 -91.3532705405283
63.6118931936721 -15.605834102819
62.4466806922319 232.538249896587
63.8471390159454 60.6931938423059
63.8223130514769 71.6228652711942
63.3747321793367 -145.091219982131
62.7857242901423 102.909119426918
62.5923091227695 74.5389058010152
63.793331985006 29.9218112785536
62.5679509228483 199.18171421052
63.4273233615925 -11.7723859920641
64.0194193949029 -339.824320934193
64.1442622291767 -78.640734411418
63.303685355561 -85.8071039100167
62.9533319648921 -89.9343995485686
63.5814525734851 -51.6961604959263
63.6279354801694 -27.3534208717611
63.5444189308544 35.410300935591
63.1486719670263 89.8683955002264
63.3904747696762 2.52696492275857
63.5957218706945 -164.452003739154
63.9649984877681 -71.5764473284266
63.0255313970315 28.8459843237253
63.1906387685477 -0.987000553518123
63.5419816325797 30.0449685811934
63.5846443417121 -56.9093051562345
63.759189964462 26.54719374612
64.0942493316641 71.310634982534
64.4772434001447 -33.1035090252468
62.7378003632436 -8.7370220573891
63.8205346454792 -56.0579835615778
63.9955855611554 -58.4289187780906
62.899970914121 146.310298431145
63.0648855702351 -138.64007308063
63.4226734007783 73.3086282597339
63.5075683469215 -122.582426779184
64.2612455328933 -247.037028581864
63.5171303004413 -209.132067003664
63.2519075176751 -61.5418815392397
63.1697943276927 108.03875591627
63.5803787814671 -17.4546678952079
63.0607212904524 36.360562947425
63.2971703653369 206.691386185411
63.5228868909985 -60.637828590938
63.5474573769793 -127.095600516755
63.7481610872511 -8.93560461520624
63.4255215736497 -34.9613079812887
64.1670580903595 -191.101632720023
64.4303557524376 -168.225207139629
63.4693189432891 -4.46012541220021
63.2168574914364 -97.1563327477239
63.7562414989265 76.2219494578892
62.957184609751 1.05282436650673
63.8690664744288 138.381720072147
63.4932735151828 260.966433439882
63.5351784556955 215.331999258496
64.4429084984159 -95.7152730422004
63.2310773214856 69.0229774484097
63.7203667408831 61.2769598897985
63.5424865474827 -25.3460061625795
63.9378193517251 -22.1917512230958
63.2919103045715 106.074811083324
64.1937764973486 22.446878736736
63.1233418946435 62.2140941835005
63.938788694848 -248.548415437132
62.5717810326836 365.473412256125
64.8742354169146 -345.477892312087
63.4470190106881 -43.4248353774812
62.7835361259102 116.391904840374
63.4302717757185 -13.1693974404285
63.8036905448291 32.9582008986178
62.8990411684636 116.037186478834
63.5372048094637 -118.326223394125
62.7659760539449 259.742566421331
64.2721568790122 -206.488852732929
63.399034525929 287.044804015887
63.7387000927826 -66.9602448331143
63.7769479341569 -122.678488721134
63.5054399809976 -15.3585413605224
64.6180179215887 50.5227638368434
63.3775286781714 -15.3295233052121
63.9728811436082 -166.356910825879
63.2056955224993 81.4415876778515
63.571717390388 123.039674371031
63.6601764629555 344.43129010319
64.1467561872531 -100.340180242204
64.2446365574152 -159.655692837802
64.0566353107842 -59.0526078546571
64.0217851061302 -44.8888589854335
63.799100075616 -67.0894295620376
63.6748616763481 -92.713818217911
63.1290900928084 -4.7666366003703
63.4496311164086 84.373944819562
64.2251284235268 -133.382708264023
64.4261272093497 -158.594061057756
63.8157307751333 -54.6015736333425
64.2687699099194 -143.52143138846
62.9457102672945 -19.961521374996
63.9400492365518 8.27834305858276
63.6247287770248 -113.796096577024
63.2702201996165 -81.8646144075698
63.2687691712917 -165.832938569284
63.7025511349998 1.02856443618946
63.2241021986277 127.245587262548
63.8543693356865 11.4821664209462
64.3236659769077 -167.823165744662
63.1267743942419 51.1429718258731
63.6257560493519 -4.38598691970252
63.4442072237751 108.638729820054
63.5785374369249 175.430136829921
63.4588218595756 -59.6856577996188
62.2583353900913 -7.0610940828716
63.7274347953252 -19.2867406577405
64.5043141954085 -28.263964968797
63.2322979423957 27.5136342816583
63.6879414145866 -7.18845216200333
63.2026111326914 63.586131946532
63.8504904163709 -234.70895869283
63.6191611454021 -133.670120641726
62.9335096979796 177.257180093186
63.9505754737181 103.632555024598
64.2656809537312 173.644430762954
63.3998361969529 123.855145819176
63.6422502593112 14.2357981492205
64.1507791797883 -188.696111874211
63.7728760989893 -83.2613353809599
63.218823068211 162.683306266241
63.7484689084677 96.0833407832844
63.4772138138635 153.20741544915
64.0821765062327 -102.503534194329
64.2562921849058 -60.5434052289102
63.3018818085986 -23.8541769064251
63.8532013634186 -121.67500616947
64.3967408347692 -51.2355498046075
64.454387244151 -299.854915014828
62.907790661142 -0.30182645230254
63.4286773973847 108.509582961049
63.3452911132465 57.2617243155483
63.2492711044843 26.3158405253587
63.5257267642222 163.985134495554
62.975871976095 -4.27944201068223
63.2816208029908 83.5361129654451
63.1400636022593 61.5805114177454
62.3406514876711 250.821077598977
63.453374986476 52.6502383071541
64.2409152453824 -531.068112846491
62.7455134500178 197.08508881314
63.1633020193016 74.1731460892832
63.8007774796072 -213.237188015338
63.9554514429803 35.3188608629658
63.9682881319824 -70.3833406428852
63.5485776533931 115.529868957128
64.1436504724935 39.1312757728884
62.9175985549495 -43.1586087168031
62.7450064113793 221.559510518811
63.5928593723484 3.83616153139698
63.4968059231882 187.027992953002
64.4938185790319 -74.4261721687923
62.7825723658614 114.726953719109
64.3687705055287 -14.1037715053147
63.8089176898965 -73.2066204598505
64.3688090797656 84.0417660550043
63.4568806069446 208.23641078185
63.4605412211361 -13.7541266078961
63.7490741900464 97.6137570599755
63.6492980704398 -233.43576639124
62.9245582594361 234.899980971728
63.6935067004543 99.9110511937373
63.0793448324303 162.839525616185
63.2217827599668 -73.8898111019518
63.7378236589738 -30.5079383622012
63.0354997220305 50.5574085216602
62.8844642257933 169.34531447765
63.1943589852665 31.5052326917115
62.7654560200287 268.477894286854
62.9063404440163 305.808183272544
63.0266622391429 155.578353853679
64.1761208898763 -13.8787820355332
63.4294454818841 -66.7938705493786
63.2917700451201 54.731679743677
63.0931072445167 201.614611226875
63.9009018777003 -145.349974026353
